Year,Month,0_20,20_40,40_60,60_80,80plus
1979,1,4.925559521,5.418305874,5.797076225,5.513793468,5.830187321
1979,2,3.897379398,4.807277679,5.326990604,4.929546833,5.440625191
1979,3,3.83359623,4.535738468,5.104045391,4.672123432,5.207390308
1979,4,4.133135796,4.558756351,5.043456078,4.675340176,5.129545689
1979,5,4.459855556,4.599900246,5.01246357,4.699262619,5.084732533
1979,6,4.908654213,4.704329967,5.078314781,4.795806885,5.132865429
1979,7,5.163226128,4.765284061,5.099456787,4.847489357,5.144565582
1979,8,5.393853664,4.821637154,5.111611843,4.893395901,5.147432804
1979,9,5.900417328,4.917227745,5.15304327,4.975998402,5.178941727
1979,10,7.177910328,5.106297493,5.276509285,5.149166107,5.291710377
1979,11,7.349236965,5.446047783,5.444478035,5.447131634,5.432808876
1979,12,5.508992672,5.631149769,5.639690399,5.635518074,5.623167992
1980,1,4.264054775,4.7676301,5.048766613,4.829306602,5.145040035
1980,2,3.949155331,4.320884228,4.50561285,4.358444691,4.591990471
1980,3,3.804656029,4.154246807,4.409333229,4.210254669,4.496325016
1980,4,4.189386845,4.302769184,4.534697533,4.355953693,4.59616375
1980,5,4.789368153,4.595219612,4.764650822,4.636492252,4.790691376
1980,6,5.026548386,4.736553192,4.920787811,4.782757282,4.938773155
1980,7,5.231019497,4.830666542,5.027640343,4.88046217,5.043776989
1980,8,5.491221428,4.918838501,5.120409966,4.970200062,5.133778572
1980,9,5.935265541,4.997481346,5.180058002,5.044187069,5.190730095
1980,10,6.924708843,5.166247368,5.268825531,5.193249702,5.268885612
1980,11,6.678593636,5.509538174,5.447218418,5.496321678,5.422327518
1980,12,5.176373959,5.378817558,5.435837269,5.394087315,5.433846474
1981,1,4.683447361,4.93589592,5.096430302,4.974272251,5.126787663
1981,2,4.577779293,4.906741619,5.139111042,4.962955952,5.177863598
1981,3,4.389992714,4.746775627,5.033667088,4.81289053,5.107153893
1981,4,4.85392189,4.857483864,5.088812351,4.912855625,5.131999969
1981,5,5.389955044,5.06032753,5.245490551,5.107989311,5.254018784
1981,6,5.711047649,5.197968006,5.355462551,5.240090847,5.350376129
1981,7,6.126485348,5.327163696,5.451599121,5.36205864,5.434998035
1981,8,6.543616295,5.481530666,5.568103313,5.508737564,5.533718109
1981,9,6.94013834,5.552419186,5.626089573,5.575988293,5.593579769
1981,10,7.449964523,5.655925274,5.674960136,5.665300369,5.640953541
1981,11,6.701852798,5.83061552,5.736427307,5.811188698,5.694532394
1981,12,5.43783474,5.686729908,5.776072025,5.714661121,5.741724491
1982,1,4.458918571,4.892136097,5.358716965,5.009000778,5.405426025
1982,2,3.95236516,4.346114635,4.937272549,4.490345955,5.026357651
1982,3,3.470789194,3.864115,4.370620728,3.983357668,4.480740547
1982,4,3.257432461,3.726907492,4.201748371,3.840535641,4.290638924
1982,5,3.649062395,3.942089319,4.370482445,4.047273636,4.429857254
1982,6,4.000379562,4.081041336,4.519263268,4.19017458,4.568033695
1982,7,4.444804192,4.213355541,4.650183678,4.322961807,4.692403316
1982,8,4.821733952,4.323346615,4.766104698,4.435612202,4.799766541
1982,9,5.333859921,4.463304043,4.894587517,4.573680401,4.919425488
1982,10,6.170521736,4.632986546,5.019671917,4.732397079,5.038446903
1982,11,5.838857174,4.899456024,5.159047604,4.967307568,5.162961483
1982,12,5.124149323,5.177393913,5.368063927,5.229874134,5.350334167
1983,1,4.396206856,4.889834881,5.270810127,4.986524105,5.299077034
1983,2,4.173726559,4.586754799,5.089652061,4.713142395,5.136671543
1983,3,4.288675308,4.507116318,4.973410606,4.62434721,5.016675949
1983,4,4.752310276,4.638382912,5.041861057,4.741798878,5.063882351
1983,5,4.881954193,4.763868332,5.1529212,4.8645401,5.166724205
1983,6,5.107646465,4.87396431,5.251859665,4.972621918,5.25846386
1983,7,5.334527016,4.959329605,5.331353188,5.057145596,5.332466125
1983,8,5.61411953,5.043731213,5.400884628,5.138166904,5.397825241
1983,9,6.129352093,5.154036045,5.477753639,5.240147114,5.470956326
1983,10,7.139353275,5.322428703,5.566525936,5.388615131,5.551616669
1983,11,6.76761198,5.684053898,5.728771687,5.700008392,5.696188927
1983,12,5.877129555,5.76760006,5.90507555,5.808008194,5.872267246
1984,1,5.12098217,5.434041977,5.798923016,5.528245449,5.813534737
1984,2,4.162303925,4.735694885,5.354753017,4.888899326,5.431158066
1984,3,4.024782658,4.237400532,4.898733616,4.400854111,4.982017517
1984,4,4.459467888,4.479715824,5.011480808,4.615246296,5.046482563
1984,5,4.548727512,4.646792889,5.121055126,4.768744469,5.143878937
1984,6,4.729970932,4.750575542,5.227406979,4.87445879,5.240444183
1984,7,5.037194252,4.840211391,5.315713406,4.964401245,5.323633194
1984,8,5.50729847,4.928710461,5.402224541,5.052969933,5.405519962
1984,9,6.130435944,5.023309708,5.47343874,5.14163208,5.475014687
1984,10,7.137739182,5.230383396,5.57945776,5.32344389,5.570533752
1984,11,7.134281635,5.583521366,5.740496635,5.628953934,5.708542824
1984,12,5.972859383,5.809373379,5.909979343,5.841789246,5.863795757
1985,1,5.329160213,5.491383076,5.814263821,5.577231884,5.807795525
1985,2,4.489256859,4.917055607,5.337430477,5.020990849,5.390084743
1985,3,4.135281086,4.584377289,5.160823345,4.725206375,5.246231079
1985,4,3.790255785,4.423008442,5.147314548,4.601772308,5.240507126
1985,5,4.160135746,4.459704876,5.136404514,4.628776073,5.207436562
1985,6,4.573241234,4.575202465,5.166037083,4.724480629,5.21511364
1985,7,4.902830124,4.686456203,5.237597942,4.827311516,5.270862579
1985,8,5.293530464,4.786408424,5.298363209,4.918026924,5.323195457
1985,9,5.683592319,4.882151604,5.356888771,5.004984379,5.373816967
1985,10,6.418485165,4.99145174,5.401204586,5.097989082,5.411771774
1985,11,5.512633801,5.18930769,5.477773666,5.265623093,5.474977016
1985,12,4.750728607,5.218755245,5.539670944,5.303493977,5.537818432
1986,1,4.37492609,4.997870922,5.483830452,5.123682976,5.500568867
1986,2,4.41418457,4.814217567,5.329546928,4.94518137,5.366410255
1986,3,4.003898144,4.556999207,5.141165733,4.703038692,5.201803207
1986,4,3.875890732,4.405194759,5.006359577,4.555311203,5.070109367
1986,5,4.234888077,4.441856384,4.960307598,4.571490765,5.013944149
1986,6,4.725630283,4.528632641,4.995429993,4.647006035,5.030825615
1986,7,5.056322098,4.632758617,5.08838892,4.749757767,5.111571789
1986,8,5.292074203,4.740049362,5.178574562,4.853599548,5.193535328
1986,9,5.861376762,4.837343216,5.253685474,4.945714951,5.263481617
1986,10,6.631855965,4.914319992,5.294100285,5.013455868,5.300842762
1986,11,6.981904984,5.12016058,5.381261826,5.189496517,5.376704693
1986,12,5.992473125,5.409530163,5.496802807,5.435928345,5.47015667
1987,1,5.176374912,5.409557819,5.631360054,5.471484184,5.603898048
1987,2,4.740302086,5.097146034,5.496374607,5.200016499,5.513925552
1987,3,4.36200285,4.714323521,5.155711174,4.823716164,5.208956242
1987,4,4.632771015,4.762608051,5.136154652,4.855955124,5.175226212
1987,5,4.947642326,4.889210224,5.231069565,4.976446152,5.252739906
1987,6,5.297805309,4.999601364,5.314499378,5.081002235,5.326314926
1987,7,5.867540836,5.113877296,5.422948837,5.194875717,5.42594099
1987,8,6.06367588,5.195413113,5.495707512,5.274974346,5.491887093
1987,9,6.35551405,5.291645527,5.55361557,5.361816883,5.544329166
1987,10,6.933620453,5.410953522,5.601405621,5.462649345,5.58934164
1987,11,6.819408894,5.532317638,5.628126144,5.559637547,5.611816406
1987,12,5.454320431,5.70252943,5.750146389,5.719170094,5.718166828
1988,1,4.834133625,5.405694485,5.662875652,5.472239494,5.672028542
1988,2,4.530513763,4.821640015,5.253253937,4.9274683,5.314220905
1988,3,4.047467709,4.489301205,4.992925167,4.612146378,5.069048405
1988,4,4.122544765,4.406093121,4.886152744,4.523805141,4.953918457
1988,5,4.404174805,4.477882385,4.894426823,4.581172943,4.944243908
1988,6,4.698921204,4.604753017,4.946829319,4.691123962,4.975685596
1988,7,5.180593014,4.712137222,5.033573627,4.794821739,5.048805237
1988,8,5.573547363,4.794818401,5.119246483,4.878862858,5.130014896
1988,9,6.133914948,4.87822628,5.190297604,4.959414482,5.19796896
1988,10,6.939617157,5.049554825,5.286558628,5.112125874,5.285271168
1988,11,6.447733879,5.330442905,5.414251804,5.354956627,5.395187855
1988,12,4.975927353,5.25147438,5.45043087,5.305239201,5.439695358
1989,1,4.063299179,4.569384575,5.098712444,4.700351715,5.164280415
1989,2,3.211738825,3.593787193,4.192687988,3.737419844,4.302330017
1989,3,3.015264273,3.464300394,3.98299408,3.590885401,4.060896873
1989,4,3.246527672,3.607758522,4.065274239,3.71841526,4.141767979
1989,5,3.615290403,3.791093588,4.251465321,3.904370308,4.313397408
1989,6,4.048118591,3.945333719,4.395732403,4.05736351,4.446914673
1989,7,4.402928352,4.075651169,4.50772047,4.184293747,4.547682285
1989,8,4.711905479,4.211737156,4.632366657,4.318777561,4.661340714
1989,9,5.224124432,4.319674969,4.728499413,4.424286366,4.752175331
1989,10,6.182040215,4.421205044,4.76198864,4.507956982,4.78522253
1989,11,5.884827137,4.670913696,4.862813473,4.72038269,4.871078491
1989,12,4.866541862,4.906989574,5.024816513,4.939536095,5.012959003
1990,1,4.255834103,4.848829746,5.052787304,4.90346384,5.045541763
1990,2,3.409054041,4.446532249,4.902327061,4.562278271,4.935616016
1990,3,3.040236712,3.93964386,4.529304504,4.08280611,4.623647213
1990,4,3.505006552,3.895195246,4.398025036,4.016442299,4.484977245
1990,5,3.812684298,4.008317471,4.470239639,4.121414185,4.536760807
1990,6,4.118229866,4.10853529,4.525946617,4.211932182,4.576717377
1990,7,4.455656052,4.177891254,4.557675362,4.272768021,4.59762907
1990,8,4.918585777,4.252696514,4.596984386,4.339410782,4.627706528
1990,9,5.472474575,4.33198452,4.636173725,4.409314156,4.657745838
1990,10,6.570100784,4.455227852,4.705582142,4.51937151,4.719441891
1990,11,5.886124611,4.712558746,4.802977562,4.736666679,4.800644398
1990,12,4.526051521,4.807115555,4.914168835,4.836811543,4.902415276
1991,1,4.024641037,4.581231117,4.858514786,4.652457714,4.872434139
1991,2,3.310348272,4.212280273,4.734489918,4.342842102,4.788609505
1991,3,3.428647041,4.055212498,4.608819008,4.19133234,4.684055805
1991,4,3.672484159,4.089040756,4.552577019,4.20328474,4.613463402
1991,5,4.116765499,4.19116354,4.593787193,4.291333675,4.639356613
1991,6,4.38237381,4.256720066,4.619483948,4.347683907,4.655000687
1991,7,4.617902756,4.309328556,4.635368824,4.391608238,4.663201809
1991,8,5.02756691,4.417603016,4.691659451,4.488187313,4.703961849
1991,9,5.78798151,4.510001183,4.750646591,4.572373867,4.758380413
1991,10,6.883896351,4.638962269,4.807204723,4.683010101,4.809175491
1991,11,6.71818161,4.977205276,4.93971014,4.969300747,4.924366474
1991,12,5.32181406,5.216555595,5.085111618,5.18688488,5.04660368
1992,1,4.569938183,4.977474213,5.102574348,5.011221886,5.096283436
1992,2,3.996625423,4.583747387,4.928551674,4.669355392,4.968956947
1992,3,3.85014987,4.312120914,4.777764797,4.427488804,4.834218502
1992,4,4.195355892,4.362328529,4.750613213,4.458754063,4.795941353
1992,5,4.569223881,4.497597218,4.800284863,4.574278355,4.823828697
1992,6,4.891508102,4.60253334,4.886107445,4.675751686,4.89741087
1992,7,5.146891594,4.673493385,4.962469578,4.748904705,4.967767239
1992,8,5.439470291,4.771285057,5.045650959,4.843630791,5.044859886
1992,9,5.909795284,4.836832047,5.107407093,4.908547878,5.103745937
1992,10,6.731156349,4.947977543,5.166196823,5.006317616,5.159335613
1992,11,6.597916603,5.227365017,5.292312622,5.247414112,5.26933527
1992,12,5.289518833,5.381360054,5.43811512,5.400672913,5.404062271
1993,1,4.257397652,4.927669525,5.286633492,5.019164085,5.310217857
1993,2,3.459164143,4.006060123,4.500649452,4.119357109,4.632656574
1993,3,3.676307678,3.999462128,4.428380013,4.1016078,4.512517929
1993,4,3.926619291,4.075716496,4.48825264,4.177612305,4.540712833
1993,5,4.283288956,4.269629955,4.594715118,4.351356983,4.624897957
1993,6,4.522773266,4.374302864,4.702543736,4.45797348,4.724052906
1993,7,4.803287983,4.469022751,4.801047325,4.554528713,4.81601572
1993,8,5.078584671,4.549033642,4.887219429,4.636527538,4.899339676
1993,9,5.624974251,4.587431431,4.930355549,4.675863266,4.944888592
1993,10,6.46449852,4.642193317,4.949580193,4.721282005,4.964003086
1993,11,6.714592934,4.806319237,5.030921459,4.864936829,5.03499651
1993,12,5.668317795,5.115159988,5.169654846,5.132300377,5.147897243
1994,1,4.909442902,5.211236477,5.332631111,5.246172905,5.309465885
1994,2,4.362281322,4.843586922,5.143304825,4.919125557,5.169657707
1994,3,3.830486059,4.330883026,4.729551315,4.426194668,4.80487299
1994,4,3.74075532,4.153820992,4.644908905,4.272787571,4.725533485
1994,5,4.107531071,4.299126148,4.710476875,4.400315285,4.766013622
1994,6,4.473016262,4.457657337,4.816523552,4.547805309,4.850400448
1994,7,4.716304302,4.561527729,4.90704155,4.649612427,4.929594994
1994,8,5.121713638,4.616267204,4.943751812,4.700448513,4.959727287
1994,9,5.652486324,4.708338261,5.007087231,4.786128998,5.013895988
1994,10,6.648693085,4.864895821,5.109038353,4.929511547,5.10646677
1994,11,5.727360725,5.049590111,5.187749386,5.087890625,5.172771931
1994,12,4.556050301,4.967387676,5.170088768,5.019899845,5.176805496
1995,1,4.097361088,4.862948895,5.358674049,4.985882282,5.417898655
1995,2,3.716578484,4.569067478,5.16019392,4.715124607,5.234982491
1995,3,3.466986179,4.264864922,4.863652706,4.410341263,4.958691597
1995,4,3.200200796,3.858819962,4.536798954,4.024772644,4.634767056
1995,5,3.54165411,3.948333979,4.6007061,4.109842777,4.680754662
1995,6,4.038833141,4.041821957,4.624686718,4.187151909,4.688182831
1995,7,4.349948406,4.127638817,4.681540966,4.266874313,4.733098984
1995,8,4.542032719,4.248867035,4.770568371,4.380757332,4.813288689
1995,9,5.112866879,4.364761829,4.843940735,4.486501694,4.87850523
1995,10,5.958481789,4.53861475,4.956834316,4.645893097,4.97900629
1995,11,6.153983116,4.789346695,5.048389912,4.856777668,5.054459095
1995,12,4.970808983,4.979872227,5.168866634,5.031042099,5.157912254
1996,1,4.374966621,4.762677193,5.114902496,4.85210228,5.140785217
1996,2,3.671562433,4.235569954,4.796945572,4.372176647,4.884335995
1996,3,3.813086271,4.135079861,4.581504822,4.242499828,4.660464764
1996,4,3.818141222,4.18371439,4.568181038,4.276140213,4.63684845
1996,5,4.122972488,4.298354149,4.676843643,4.391979218,4.723897457
1996,6,4.496290207,4.403911591,4.768225193,4.495331287,4.803373814
1996,7,4.790210724,4.50679493,4.86658287,4.598037243,4.89382267
1996,8,5.065946102,4.598916054,4.961005211,4.691377163,4.983467579
1996,9,5.507122517,4.7099967,5.046435356,4.796533585,5.062429428
1996,10,6.551292419,4.886320114,5.151722431,4.95537281,5.158202171
1996,11,6.15342617,5.129806995,5.290491581,5.173284531,5.281394482
1996,12,4.949020386,5.160202503,5.33741045,5.206823826,5.337721825
1997,1,3.969247103,4.329557419,4.719388962,4.423856258,4.784469128
1997,2,3.854970217,4.166805267,4.632042885,4.281792641,4.690628529
1997,3,3.779104233,4.130230427,4.598176479,4.244809151,4.665503502
1997,4,4.031600475,4.19162941,4.661533833,4.308674812,4.713654518
1997,5,4.343660355,4.345068455,4.767041206,4.45168829,4.80204916
1997,6,4.564400196,4.456837177,4.853924751,4.558303356,4.878026009
1997,7,4.801229,4.567045212,4.964038849,4.669517517,4.98010397
1997,8,5.110090733,4.673843861,5.063373566,4.77495575,5.074726105
1997,9,5.671657562,4.800231934,5.170175552,4.896929741,5.17573595
1997,10,6.704854012,4.968322277,5.290632725,5.053310871,5.289696217
1997,11,7.024441242,5.288413048,5.445382595,5.331775188,5.429559231
1997,12,5.84333992,5.652876377,5.690218449,5.668486118,5.645187378
1998,1,4.839024067,5.201059818,5.53392458,5.286223888,5.553282261
1998,2,4.90183115,5.053143024,5.34434557,5.125898838,5.374912739
1998,3,4.971608162,5.025383949,5.350178719,5.108844757,5.366253376
1998,4,5.158433437,5.000531673,5.363686562,5.093733311,5.382561207
1998,5,5.473973274,5.105409622,5.443545818,5.19329977,5.452476025
1998,6,5.729950905,5.203718662,5.51770401,5.285970688,5.521008492
1998,7,5.917787075,5.279423714,5.567203045,5.355403423,5.565615654
1998,8,6.150782585,5.366961002,5.627542496,5.436561584,5.61985445
1998,9,6.711761475,5.44159317,5.67165184,5.503402233,5.662051678
1998,10,7.404759407,5.535406113,5.706992149,5.582362175,5.693156719
1998,11,7.150272846,5.769935131,5.813168049,5.785080433,5.783847332
1998,12,5.591780186,5.765641689,5.869053364,5.795014858,5.852343082
1999,1,4.939350605,5.375806332,5.680756569,5.45249033,5.708923817
1999,2,3.583370447,4.142336845,4.587691784,4.248171806,4.676813126
1999,3,3.215275526,3.771851301,4.300964355,3.898438692,4.400233746
1999,4,3.528436661,4.033429623,4.672063351,4.188164234,4.77671957
1999,5,3.955992937,4.179280281,4.736524582,4.316258907,4.81253767
1999,6,4.434369564,4.375574112,4.863407612,4.497126102,4.917200565
1999,7,4.852924347,4.557853699,5.021246433,4.675318718,5.056729794
1999,8,5.155612946,4.701908588,5.162288189,4.819934368,5.187215805
1999,9,5.639957905,4.863877773,5.288994789,4.973916531,5.303805828
1999,10,6.378806591,5.014742374,5.388632298,5.112163544,5.396650791
1999,11,5.99474287,5.280068874,5.492264748,5.337009907,5.483946323
1999,12,4.925699234,5.421548843,5.602956772,5.471714497,5.584261417
2000,1,3.932602644,4.84668684,5.355280399,4.974201679,5.405203342
2000,2,3.474447966,4.355976582,4.987680912,4.508977413,5.091629505
2000,3,3.701316118,4.124515533,4.72552824,4.271102428,4.816477299
2000,4,3.931766987,4.183557987,4.651609898,4.298272133,4.718101025
2000,5,4.209566116,4.315569401,4.689628124,4.408096313,4.736146927
2000,6,4.514770031,4.430883884,4.788815022,4.520691872,4.823423386
2000,7,4.875989914,4.532991886,4.883255959,4.621935844,4.908862114
2000,8,5.21312809,4.640870571,4.958342552,4.722524166,4.973471642
2000,9,5.812599182,4.748046398,5.023826122,4.819730759,5.031092644
2000,10,6.381614685,4.904716492,5.123376846,4.962420464,5.122380733
2000,11,6.553446293,5.120647907,5.220153809,5.148549557,5.20690155
2000,12,5.434572697,5.353298664,5.379401684,5.364334106,5.346954346
2001,1,4.813055992,5.105921745,5.341283321,5.16739893,5.345153809
2001,2,4.624138832,4.90915823,5.202744484,4.982948303,5.230144501
2001,3,4.469187737,4.781386852,5.074458599,4.854075909,5.109384537
2001,4,4.389552116,4.695471764,4.998191357,4.769789696,5.040220737
2001,5,4.669538498,4.738957882,4.991930962,4.80159235,5.022929192
2001,6,4.977241993,4.79629755,5.023760319,4.853761196,5.042702675
2001,7,5.190706253,4.853586674,5.073847294,4.910326481,5.08365202
2001,8,5.463688374,4.921002865,5.136427402,4.977358341,5.139300346
2001,9,5.969559193,5.019944191,5.211798668,5.071076393,5.207009792
2001,10,6.700948238,5.128873825,5.27423048,5.168305874,5.265205383
2001,11,6.169192314,5.341216087,5.362837315,5.349643707,5.34152174
2001,12,4.897750378,5.257146358,5.35695219,5.28459692,5.347829342
2002,1,3.986179352,4.459777832,4.865738869,4.558597565,4.928684235
2002,2,3.806467533,4.305226803,4.783867359,4.422173977,4.854686737
2002,3,3.592382431,4.010342121,4.481538773,4.122377872,4.575362682
2002,4,3.61341548,3.980096817,4.311598778,4.05785799,4.385866165
2002,5,3.861769438,4.014898777,4.300710201,4.082185745,4.36284399
2002,6,4.204487801,4.101417065,4.359609127,4.163873196,4.4027071
2002,7,4.53809309,4.192995548,4.443775654,4.254958153,4.475512028
2002,8,4.782091618,4.278693676,4.531988144,4.341920853,4.559025764
2002,9,5.089313984,4.372478008,4.618990898,4.434186459,4.643945217
2002,10,5.883827209,4.464262009,4.689261436,4.520791054,4.71043539
2002,11,7.077608109,4.75726366,4.839900494,4.778539658,4.843670845
2002,12,6.349604607,5.243938446,5.141457558,5.221082211,5.109277725
2003,1,5.524057388,5.461492538,5.480006218,5.471744537,5.438090324
2003,2,5.265021324,5.279892921,5.518922329,5.344168663,5.508506298
2003,3,5.052578449,5.208605766,5.442102909,5.269226551,5.448820591
2003,4,4.823801994,5.078891754,5.330979347,5.142547131,5.352203846
2003,5,4.938868046,5.071984291,5.322054863,5.135282993,5.341920376
2003,6,5.304735661,5.154350758,5.387646675,5.215041161,5.393410206
2003,7,5.535951138,5.191730976,5.435445786,5.25583744,5.435966492
2003,8,5.796716213,5.251961708,5.483661652,5.313747883,5.477609634
2003,9,6.37375927,5.323713779,5.531635284,5.379836082,5.520925999
2003,10,7.378427029,5.475478649,5.59830904,5.510146141,5.580185413
2003,11,7.150927067,5.671955109,5.669800282,5.67527771,5.639475822
2003,12,5.656684399,5.744029999,5.755447388,5.751881599,5.71767664
2004,1,4.532912731,5.008487225,5.349006653,5.091435909,5.401344776
2004,2,3.893379211,4.237116337,4.684616089,4.342271328,4.783439636
2004,3,3.940860271,4.229167461,4.694658756,4.342326164,4.768017769
2004,4,3.937270164,4.223189354,4.652081013,4.327491283,4.719359398
2004,5,4.351477623,4.410850525,4.819973946,4.513065338,4.862945557
2004,6,4.604774475,4.583548546,4.980449677,4.684434414,5.008692741
2004,7,4.949109554,4.701605797,5.101338863,4.804353714,5.12087965
2004,8,5.298862934,4.805764198,5.184966087,4.904129982,5.196526527
2004,9,5.745145798,4.910394192,5.267388821,5.003891468,5.271315575
2004,10,6.41849041,5.022304058,5.345787048,5.107554913,5.345214367
2004,11,6.259022236,5.185132504,5.406842232,5.244160175,5.401785851
2004,12,5.288479805,5.357887268,5.502068996,5.398034096,5.485062122
2005,1,4.706423283,5.26142025,5.516573429,5.328917027,5.514141083
2005,2,4.185738564,4.932860374,5.413755417,5.055995941,5.440961361
2005,3,4.203692436,4.751223564,5.231823444,4.871460438,5.281021595
2005,4,4.153029919,4.740989685,5.268083572,4.871631622,5.331602097
2005,5,4.572084904,4.807106018,5.234338284,4.912928581,5.286357403
2005,6,4.907928467,4.890067101,5.266252041,4.984819412,5.299787998
2005,7,5.166866302,4.961679459,5.326135635,5.054887295,5.347636223
2005,8,5.511982918,5.014690876,5.36755991,5.105773449,5.381843567
2005,9,5.878304005,5.069696426,5.402706623,5.156298637,5.411155224
2005,10,6.712785244,5.17282629,5.441561699,5.243240356,5.444268703
2005,11,6.496603489,5.387238979,5.502057552,5.41864872,5.49288702
2005,12,5.210000515,5.529790878,5.610666752,5.553899765,5.588740349
2006,1,4.861329079,5.404178619,5.615139484,5.459629536,5.615900993
2006,2,3.779041052,4.45359087,5.115981579,4.614851475,5.218529224
2006,3,3.630830526,4.125006199,4.751417637,4.274769783,4.869737148
2006,4,3.858905792,4.203802586,4.735891342,4.332250595,4.82676363
2006,5,4.281076908,4.433641911,4.886633873,4.545603275,4.943673134
2006,6,4.625594616,4.572935104,4.971854687,4.673022747,5.010463238
2006,7,5.031086445,4.680034161,5.057806015,4.776248932,5.083199024
2006,8,5.303979397,4.777249336,5.145321846,4.871958256,5.162545681
2006,9,5.754508495,4.879366875,5.200446606,4.962227821,5.213567734
2006,10,6.646749973,4.988130569,5.243979931,5.054419518,5.25239563
2006,11,6.246213913,5.147037506,5.296450615,5.18699789,5.291635513
2006,12,4.553427696,5.024553299,5.305997849,5.09804678,5.310789585
2007,1,3.65089035,4.305055618,4.952599525,4.466788769,5.020989895
2007,2,3.39670682,3.992385387,4.579584599,4.13380003,4.682499409
2007,3,2.65786171,3.364155054,3.974129677,3.50945282,4.093523979
2007,4,2.944936037,3.407724142,3.967708349,3.542298317,4.068083763
2007,5,3.568890095,3.647857189,4.154615879,3.771717548,4.229259491
2007,6,4.130859375,3.848027945,4.289136887,3.957532883,4.340932369
2007,7,4.45805788,3.982690811,4.373615265,4.080965519,4.409946442
2007,8,4.765316963,4.113866806,4.481776237,4.207686424,4.505594254
2007,9,5.161458015,4.239934444,4.597611427,4.332080364,4.613473415
2007,10,5.78121376,4.368957996,4.709994316,4.456973076,4.723902702
2007,11,6.07510519,4.623149872,4.857843399,4.684057236,4.864783287
2007,12,5.080196381,4.941246986,5.024127483,4.964678288,5.011596203
2008,1,3.842622757,4.523362637,4.883503914,4.612066746,4.931254864
2008,2,3.249504805,4.029785633,4.553443432,4.156133175,4.643383026
2008,3,3.14513731,3.823951244,4.436790466,3.973271132,4.530709267
2008,4,3.407903194,3.88632369,4.448784828,4.024271011,4.527951241
2008,5,3.907833815,4.038258553,4.445017815,4.138453007,4.498888016
2008,6,4.329409599,4.16575861,4.555686474,4.263480663,4.594278812
2008,7,4.55393362,4.289767265,4.649204254,4.38137722,4.672857285
2008,8,4.891186714,4.413306236,4.734786034,4.496469498,4.746373653
2008,9,5.313942432,4.534636497,4.831604004,4.612034321,4.837820053
2008,10,5.916436672,4.656889439,4.90782547,4.72254324,4.911107063
2008,11,5.992823124,4.917607784,5.018190384,4.945790291,5.004955292
2008,12,4.830476761,5.050508976,5.135769367,5.075912476,5.112745285
2009,1,3.656375885,4.436441898,4.873639584,4.544145107,4.931450367
2009,2,3.081165314,3.957590342,4.591324329,4.111302376,4.693893433
2009,3,2.761360407,3.602325439,4.305931091,3.771968365,4.427732944
2009,4,2.934801579,3.609364271,4.263578415,3.766858578,4.37870121
2009,5,3.329902649,3.690910101,4.234161854,3.822802067,4.321102619
2009,6,3.655340672,3.808205366,4.314701557,3.933277369,4.379362583
2009,7,4.019191742,3.906452179,4.389593124,4.026987553,4.44167757
2009,8,4.453521729,4.015393257,4.490748882,4.135192871,4.532591343
2009,9,5.134907246,4.157634258,4.560086727,4.259885311,4.589082718
2009,10,6.086283207,4.348011971,4.661208153,4.428142071,4.679438114
2009,11,5.876165867,4.691655159,4.836326122,4.730218887,4.832660198
2009,12,5.034737587,4.959366798,5.007444859,4.974541664,4.987839699
2010,1,4.55583477,4.858006001,4.993405342,4.892736912,5.000588417
2010,2,4.442696095,4.822979927,5.011908531,4.87126255,5.023327827
2010,3,4.108346462,4.498870373,4.912953854,4.602640629,4.953982353
2010,4,4.14525032,4.373046398,4.811798573,4.482816696,4.856687069
2010,5,4.723674774,4.586270332,4.931879997,4.674452305,4.953873634
2010,6,5.209667206,4.780798912,5.078674316,4.859008312,5.080429077
2010,7,5.462918282,4.892178535,5.186161995,4.970422268,5.179659843
2010,8,5.593763828,4.914399624,5.215610981,4.994210243,5.21173048
2010,9,5.867728233,4.949422359,5.220249653,5.021287441,5.215940475
2010,10,6.510123253,5.095668793,5.278698444,5.14560318,5.265132427
2010,11,6.632190228,5.425157547,5.431354046,5.431746006,5.392713547
2010,12,5.261655331,5.361018181,5.46170187,5.390515327,5.438425064
2011,1,4.49023962,4.866771221,5.200888634,4.9506073,5.23317194
2011,2,4.137502193,4.454854965,4.905224323,4.564942837,4.971485138
2011,3,3.55549264,3.867628098,4.311797619,3.973448277,4.398598671
2011,4,3.716744423,3.94070363,4.394248009,4.052161217,4.456348896
2011,5,4.109340191,4.116739273,4.508300781,4.214151382,4.552662849
2011,6,4.550688744,4.272755146,4.658086777,4.370145798,4.689829826
2011,7,4.752037048,4.397779465,4.783433437,4.496490955,4.805541992
2011,8,4.945773602,4.515965939,4.884609222,4.610917568,4.901110172
2011,9,5.610957623,4.710861683,5.007496834,4.78798008,5.015209675
2011,10,6.478952408,4.966680527,5.150178432,5.015834808,5.143656731
2011,11,5.965679646,5.161530495,5.259189129,5.189124584,5.244538784
2011,12,4.543140888,4.895795822,5.171027184,4.965372562,5.193595409
2012,1,3.185109615,3.595931768,3.974499464,3.67731142,4.117165089
2012,2,2.637362003,2.964077234,3.453197002,3.077682495,3.57157588
2012,3,2.363036394,2.927509546,3.640525818,3.098644257,3.770014048
2012,4,2.690243006,3.071689367,3.609654665,3.200657845,3.70853281
2012,5,3.406903505,3.38012743,3.845371962,3.495175123,3.903500557
2012,6,3.997639656,3.635561943,4.077438831,3.747938156,4.108430386
2012,7,4.41193819,3.869936705,4.288028717,3.978147984,4.302665234
2012,8,4.882080078,4.093252182,4.473786354,4.193143368,4.476187229
2012,9,5.317699909,4.267538548,4.613477707,4.358891487,4.611430645
2012,10,6.258731365,4.471795082,4.745213032,4.544202328,4.741994381
2012,11,5.994179726,4.848674774,4.93637228,4.875073433,4.910593987
2012,12,4.759638309,4.883215427,5.078821182,4.936656952,5.063732624
2013,1,4.168314934,4.438523293,4.837220192,4.536531925,4.89157629
2013,2,4.04834938,4.423511505,4.872740269,4.53576231,4.919798374
2013,3,3.61470294,4.084501743,4.759562969,4.25282383,4.83307457
2013,4,3.539843798,3.938324451,4.548238754,4.08805275,4.632973194
2013,5,3.839171648,4.03260088,4.57025671,4.16517067,4.640425682
2013,6,4.175292492,4.135877132,4.63779974,4.260935307,4.693180084
2013,7,4.400689602,4.259700775,4.762442589,4.386887074,4.802915096
2013,8,4.678391457,4.343538761,4.831489563,4.467825413,4.864205837
2013,9,5.215704918,4.429354668,4.861316681,4.539910316,4.886147976
2013,10,6.351562977,4.595412254,4.923644066,4.679989338,4.938066959
2013,11,6.557792664,4.81095314,5.016780853,4.865011692,5.017860413
2013,12,5.246605396,5.048633575,5.145368099,5.076578617,5.126088619
2014,1,4.71064043,4.995140076,5.175274372,5.043509007,5.167968273
2014,2,4.168512821,4.649973392,5.055502892,4.752938747,5.085247517
2014,3,3.888179064,4.229785442,4.70797205,4.346785069,4.777449608
2014,4,4.242700577,4.400525093,4.777393341,4.494392872,4.819226265
2014,5,4.55209589,4.542346954,4.882544041,4.628534317,4.908976078
2014,6,4.732204914,4.6214118,4.957012177,4.707377434,4.975739002
2014,7,5.108905792,4.698860168,5.003128529,4.77755785,5.014196396
2014,8,5.569925308,4.782699585,5.055632114,4.853877068,5.061002254
2014,9,6.124610424,4.907169342,5.143443584,4.969850063,5.139806747
2014,10,7.331184864,5.110835552,5.250635147,5.149533749,5.235926151
2014,11,7.401985645,5.426213264,5.390658855,5.420760155,5.360188007
2014,12,6.830896854,5.827203751,5.640942097,5.786059856,5.579350471
2015,1,5.983757019,5.83818531,5.672650337,5.804376602,5.596420765
2015,2,5.345768929,5.493554592,5.581280231,5.521293163,5.545114994
2015,3,5.182933331,5.268158436,5.514473915,5.334467411,5.503162861
2015,4,5.26193285,5.272243023,5.490963936,5.332138538,5.473007679
2015,5,5.615674496,5.307809353,5.495920181,5.360190392,5.473711491
2015,6,5.877717972,5.422541142,5.587678909,5.470442295,5.553236485
2015,7,6.172639847,5.566038609,5.687575817,5.603874683,5.64209938
2015,8,6.509799004,5.640352726,5.715894222,5.666510105,5.66704607
2015,9,7.076320648,5.620706558,5.679368019,5.641201496,5.640012741
2015,10,7.560709,5.615727425,5.620084286,5.621946335,5.580546856
2015,11,7.358380318,5.7137537,5.573196888,5.681939602,5.532691956
2015,12,6.110458851,5.906795979,5.731617451,5.868282795,5.672267437
2016,1,5.558021069,5.692018986,5.801399231,5.723245144,5.78249836
2016,2,5.450212002,5.579694748,5.849568844,5.651199818,5.846108913
2016,3,5.295147419,5.399637222,5.586315632,5.448801994,5.586238861
2016,4,4.815002918,4.808722973,4.855074406,4.82334137,4.836264133
2016,5,5.439051628,4.9769454,5.076828957,5.006281853,5.053166866
2016,6,5.705753326,4.990852356,5.100138664,5.022258759,5.07963562
2016,7,5.794284821,4.953117371,4.966227055,4.959139347,4.946191311
2016,8,5.857564449,5.06554985,4.958248615,5.041257858,4.927366257
2016,9,6.103319645,5.168328285,5.036253452,5.138563633,4.997180939
2016,10,7.313801765,5.331678391,5.221851826,5.307898998,5.181789398
2016,11,7.349033833,5.485599041,5.25607729,5.430293083,5.216088772
2016,12,6.533492565,5.615764618,5.282560825,5.534312248,5.233570576
2017,1,5.358893394,5.472859383,5.270086288,5.425094128,5.226220131
2017,2,4.706892014,5.125129223,5.145036697,5.133347988,5.121834278
2017,3,4.043916702,4.798853874,4.960889816,4.838868618,4.981558323
2017,4,3.937503815,4.487392426,4.692288399,4.537602425,4.721455097
2017,5,4.305032253,4.38626194,4.517706394,4.41973877,4.526546955
2017,6,4.752524853,4.424133301,4.576874256,4.463667393,4.582211971
2017,7,5.145741463,4.502714157,4.646974564,4.541255951,4.64263916
2017,8,5.536524296,4.777299881,4.78383255,4.780503273,4.772269726
2017,9,5.992347717,5.004832268,4.836965084,4.963606834,4.813764095
2017,10,6.853830814,5.088066101,4.899508953,5.041913033,4.872255325
2017,11,6.699867725,5.250400543,5.025699615,5.196384907,4.985544205
2017,12,5.446190357,5.435126781,5.207772255,5.382749557,5.149400234
2018,1,4.869524479,5.196146965,5.209160328,5.202146053,5.189109802
2018,2,4.194235802,4.749452591,4.8700881,4.779630184,4.882461071
2018,3,4.121997833,4.647804737,4.813866138,4.689722538,4.827963829
2018,4,4.308552265,4.726894855,4.900894165,4.77111721,4.913319588
2018,5,4.754366398,4.754366398,4.969350338,4.809760094,4.978817463
2018,6,5.102437496,4.791123867,5.020410061,4.850274086,5.029948235
2018,7,5.471390724,4.955271721,5.187240601,5.015913486,5.19066
2018,8,6.193197727,5.022199154,5.241593361,5.079388142,5.246117592
2018,9,6.829891682,5.144609928,5.177167416,5.155025005,5.162807465
2018,10,7.576970577,5.278154373,5.090953827,5.232402802,5.063351631
2018,11,7.741393566,5.589981079,5.333254337,5.526695251,5.299629211
2018,12,6.393393993,5.917701244,5.650611401,5.853565693,5.602341652
2019,1,5.293953896,5.728220463,5.799392223,5.748770237,5.78528738
2019,2,4.904347897,5.164124012,5.28761816,5.196797371,5.286403656
2019,3,4.973004818,4.99025774,5.045461178,5.006748676,5.030221462
2019,4,5.286735535,5.192443371,5.320020199,5.227933407,5.305231094
2019,5,5.576376915,5.347198009,5.501781464,5.390073299,5.484854698
2019,6,5.943576336,5.458292007,5.630538464,5.505925179,5.612776756
2019,7,6.117763996,5.537153244,5.743614674,5.593359947,5.729250431
2019,8,6.293527126,5.609134674,5.838831902,5.671208858,5.826424599
2019,9,6.691426277,5.677909374,5.894277096,5.736248493,5.883623123
2019,10,7.549533367,5.710365295,5.880761147,5.756193161,5.873274326
2019,11,7.625751972,5.862923622,5.896754265,5.874102592,5.879053116
2019,12,6.495806694,6.025687695,5.89401722,5.996358871,5.852377415
2020,1,4.691120625,5.249752045,5.649056435,5.349559784,5.690637589
2020,2,3.56332612,4.088171959,4.707650661,4.234889507,4.835483551
2020,3,3.220285416,3.728790998,4.333594799,3.875026941,4.435060978
2020,4,3.422227859,3.853857279,4.418499947,3.991631269,4.503495693
2020,5,3.870947599,4.044544697,4.562974453,4.173480988,4.622005463
2020,6,4.299844742,4.192889214,4.70224762,4.321833134,4.742599487
2020,7,4.591061592,4.319783688,4.815248489,4.446382046,4.845366955
2020,8,4.948342323,4.445430279,4.913761616,4.565778255,4.936908722
2020,9,5.62347126,4.54571104,4.987345219,4.659276009,5.008572102
2020,10,6.846313953,4.756691933,5.078343868,4.840368271,5.086284161
2020,11,6.746627331,4.955850124,5.12987709,5.002360344,5.12452507
2020,12,5.412722111,5.239568233,5.28383112,5.254776478,5.25613308
2021,1,4.902412415,5.329827785,5.508219242,5.379741192,5.485295296
2021,2,4.399364471,5.144769192,5.524067879,5.243466377,5.53324461
2021,3,3.745927572,4.449092865,5.109549522,4.613459587,5.183917999
2021,4,3.571620703,4.126745701,4.790615082,4.289088249,4.887761593
2021,5,3.912223577,4.180981159,4.732250214,4.315960884,4.811578751
2021,6,4.255947113,4.254376888,4.699861526,4.364746094,4.753902912
2021,7,4.652678013,4.324598789,4.723813534,4.424901009,4.761357307
2021,8,4.927194118,4.393075943,4.757406235,4.485629082,4.783751011
2021,9,5.469304085,4.512809277,4.834650517,4.59520483,4.852965832
2021,10,6.435753822,4.688066483,4.914788246,4.746946812,4.921168327
2021,11,5.754635811,4.985924244,5.063797474,5.008072853,5.050984859
2021,12,4.05254364,4.363234043,4.688360214,4.442559242,4.737350464
2022,1,3.543285131,3.886994839,4.235809803,3.971829891,4.290472031
2022,2,3.412626743,3.852195024,4.25387001,3.950766802,4.309951782
2022,3,3.624901772,4.014938354,4.379656792,4.104923725,4.426813602
2022,4,4.28248024,4.973253727,5.3516078,5.070178509,5.372659206
2022,5,4.675831795,4.766669273,5.129878998,4.857923985,5.164044857
2022,6,5.086915493,4.714535713,5.001109123,4.786035538,5.031968594
2022,7,5.217290878,4.731684685,4.96643734,4.79131031,4.983491898
2022,8,5.296680927,4.730326653,4.930286407,4.781954288,4.938268661
