race_code,common_name,year,haul,haul_date,vessel,station,area_km2,district,section,start_latitude,start_longitude,avg_depth_fm,tow_distance_km,net_width_km,area_swept_km2,total_weight_kg,total_number_caught
21720,Pacific cod,2022,22010001,6/15/2022,R/V Resolution,CHJ,11.3,1,1,57.7283,-152.3803,50,1.9,0.0122,0.02258,79.41,43
21720,Pacific cod,2022,22010002,6/15/2022,R/V Resolution,CHE,20.6,1,1,57.6795,-152.4422,9,1.1,0.0122,0.01355,7.88,9
21720,Pacific cod,2022,22010003,6/15/2022,R/V Resolution,CHA,5.5,1,1,57.6185,-152.43,27,1.9,0.0122,0.02258,14.46,9
21720,Pacific cod,2022,22010004,6/15/2022,R/V Resolution,CHB,7.9,1,1,57.635,-152.4082,40,1.9,0.0122,0.02258,24,8
21720,Pacific cod,2022,22010005,6/16/2022,R/V Resolution,CHK,8.6,1,1,57.736,-152.2867,72,1.9,0.0122,0.02258,39.06,12
21720,Pacific cod,2022,22010006,6/16/2022,R/V Resolution,CHF,12.7,1,1,57.6972,-152.3145,76,1.9,0.0122,0.02258,20.34,7
21720,Pacific cod,2022,22010007,6/16/2022,R/V Resolution,CHL,14.1,1,1,57.7298,-152.2453,100,1.9,0.0122,0.02258,41.43,13
21720,Pacific cod,2022,22010008,6/16/2022,R/V Resolution,369X,142.8,1,1,57.7303,-152.0525,60,1.4,0.0122,0.01694,29.97,14
21720,Pacific cod,2022,22010009,6/16/2022,R/V Resolution,CHG,32.8,1,1,57.6835,-152.1592,76,1.9,0.0122,0.02258,3.84,4
21720,Pacific cod,2022,22010010,6/21/2022,R/V Resolution,KZG,21.2,1,1,57.9525,-152.6158,70,1.9,0.0122,0.02258,13.72,4
21720,Pacific cod,2022,22010011,6/21/2022,R/V Resolution,KZK,21.4,1,1,57.973,-152.565,92,1.9,0.0122,0.02258,0,0
21720,Pacific cod,2022,22010012,6/21/2022,R/V Resolution,MONX,75.5,1,1,58.0302,-152.4863,107,1.9,0.0122,0.02258,12.89,3
21720,Pacific cod,2022,22010013,6/21/2022,R/V Resolution,MOEX,36.2,1,1,57.9472,-152.376,65,1.9,0.0122,0.02258,1.12,1
21720,Pacific cod,2022,22010014,6/21/2022,R/V Resolution,MOGX,65.9,1,1,57.9715,-152.1638,95,1.9,0.0122,0.02258,6.28,2
21720,Pacific cod,2022,22010015,6/21/2022,R/V Resolution,283A,67.9,1,1,58.0008,-152.1222,96,1.9,0.0122,0.02258,24.21,7
21720,Pacific cod,2022,22010016,6/22/2022,R/V Resolution,255B,63.9,1,1,58.0565,-152.0012,70,1.9,0.0122,0.02258,7.25,5
21720,Pacific cod,2022,22010017,6/22/2022,R/V Resolution,256,82.1,1,1,58.069,-151.8582,75,1.9,0.0122,0.02258,23.76,11
21720,Pacific cod,2022,22010018,6/22/2022,R/V Resolution,257,82.1,1,1,58.0695,-151.7167,92,1.9,0.0122,0.02258,6.09,4
21720,Pacific cod,2022,22010019,6/22/2022,R/V Resolution,285,82.4,1,1,58.0158,-151.7053,70,1.9,0.0122,0.02258,5.08,4
21720,Pacific cod,2022,22010020,6/22/2022,R/V Resolution,284,82.4,1,1,57.9902,-151.776,69,1.9,0.0122,0.02258,25.6,13
21720,Pacific cod,2022,22010021,6/22/2022,R/V Resolution,314,82.5,1,1,57.9285,-151.824,37,1.9,0.0122,0.02258,25.46,9
21720,Pacific cod,2022,22010022,6/22/2022,R/V Resolution,313,85.7,1,1,57.9328,-151.9557,104,1.9,0.0122,0.02258,96.86,56
21720,Pacific cod,2022,22010023,6/22/2022,R/V Resolution,283B,64,1,1,57.9815,-151.9373,94,1.9,0.0122,0.02258,2.58,2
21720,Pacific cod,2022,22010024,6/23/2022,R/V Resolution,MOXA,13,1,1,58.2087,-152.2497,85,1.9,0.0122,0.02258,19.39,6
21720,Pacific cod,2022,22010025,6/23/2022,R/V Resolution,MOXB,29.5,1,1,58.157,-152.2427,93,1.9,0.0122,0.02258,0,0
21720,Pacific cod,2022,22010026,6/23/2022,R/V Resolution,MOPA,27.8,1,1,58.11,-152.2363,93,1.9,0.0122,0.02258,17.24,5
21720,Pacific cod,2022,22010027,6/23/2022,R/V Resolution,MOLA,28,1,1,58.1027,-152.1702,110,1.9,0.0122,0.02258,0,0
21720,Pacific cod,2022,22010028,6/23/2022,R/V Resolution,255A,64.4,1,1,58.068,-152.0852,82,1.9,0.0122,0.02258,6.37,3
21720,Pacific cod,2022,22010029,6/23/2022,R/V Resolution,MOLB,44.8,1,1,58.056,-152.1307,83,1.9,0.0122,0.02258,3.75,3
21720,Pacific cod,2022,22010030,6/23/2022,R/V Resolution,MOPB,19.9,1,1,58.0847,-152.2527,91,1.7,0.0122,0.02032,0,0
21720,Pacific cod,2022,22010031,6/23/2022,R/V Resolution,KZO,21.4,1,1,58.0242,-152.5008,108,1.9,0.0122,0.02258,4.1,2
21720,Pacific cod,2022,22010032,6/24/2022,R/V Resolution,KZS,3.1,1,1,58.146,-152.582,50,1.5,0.0122,0.01806,18.5,6
21720,Pacific cod,2022,22010033,6/24/2022,R/V Resolution,KZR,10.8,1,1,58.1323,-152.5865,65,1.9,0.0122,0.02258,33.74,10
21720,Pacific cod,2022,22010034,6/24/2022,R/V Resolution,KZJ,21.4,1,1,57.9922,-152.6133,71,1.9,0.0122,0.02258,4,1
21720,Pacific cod,2022,22010035,6/24/2022,R/V Resolution,KZF,20.1,1,1,57.93,-152.6983,75,1.3,0.0122,0.01581,45.14,13
21720,Pacific cod,2022,22010036,6/24/2022,R/V Resolution,KZE,25.8,1,1,57.923,-152.6687,57,1.3,0.0122,0.01581,10.32,4
21720,Pacific cod,2022,22010037,6/24/2022,R/V Resolution,KZC,12.3,1,1,57.8613,-152.7472,35,1.3,0.0122,0.01581,0,0
21720,Pacific cod,2022,22010038,6/24/2022,R/V Resolution,KZD,23.7,1,1,57.8783,-152.7967,48,1.3,0.0122,0.01581,0,0
21720,Pacific cod,2022,22010039,6/24/2022,R/V Resolution,KZB,2.7,1,1,57.8133,-152.866,28,1.1,0.0122,0.01355,3.52,1
21720,Pacific cod,2022,22010040,6/24/2022,R/V Resolution,KZA,11.7,1,1,57.7907,-152.8778,25,1.1,0.0122,0.01355,9.91,4
21720,Pacific cod,2022,22010041,6/28/2022,R/V Resolution,395,85.7,1,1,57.6632,-151.9578,112,1.9,0.0122,0.02258,17.83,10
21720,Pacific cod,2022,22010042,6/28/2022,R/V Resolution,420,83.3,1,1,57.6038,-151.788,68,1.5,0.0122,0.01806,23.72,15
21720,Pacific cod,2022,22010043,6/28/2022,R/V Resolution,421,83.3,1,1,57.585,-151.7025,66,1.5,0.0122,0.01806,15.63,10
21720,Pacific cod,2022,22010044,6/28/2022,R/V Resolution,444,83.5,1,1,57.5297,-151.705,89,1.5,0.0122,0.01806,4.87,2
21720,Pacific cod,2022,22010045,6/28/2022,R/V Resolution,443,83.5,1,1,57.528,-151.7347,80,1.4,0.0122,0.01694,5.94,2
21720,Pacific cod,2022,22010046,6/29/2022,R/V Resolution,UGG,11,1,2,57.3853,-152.5063,36,1.8,0.0122,0.0219,10.32,9
21720,Pacific cod,2022,22010047,6/29/2022,R/V Resolution,UGJ,21,1,2,57.3725,-152.4588,41,1.9,0.0122,0.02258,0,0
21720,Pacific cod,2022,22010048,6/29/2022,R/V Resolution,486B,29.4,1,2,57.322,-152.4115,39,1.9,0.0122,0.02258,34.04,39
21720,Pacific cod,2022,22010049,6/29/2022,R/V Resolution,511B,42.9,1,2,57.225,-152.4153,42,1.9,0.0122,0.02258,302.17,371
21720,Pacific cod,2022,22010050,6/29/2022,R/V Resolution,511A,42,1,2,57.2083,-152.464,58,1.7,0.0122,0.02032,165.55,65
21720,Pacific cod,2022,22010051,6/29/2022,R/V Resolution,486A,25,1,2,57.2965,-152.4942,54,1.9,0.0122,0.02258,8.41,7
21720,Pacific cod,2022,22010052,6/29/2022,R/V Resolution,UGM,16.8,1,2,57.3275,-152.5415,57,1,0.0122,0.01242,0,0
21720,Pacific cod,2022,22010053,6/30/2022,R/V Resolution,UGI,22.3,1,2,57.3652,-152.5517,52,1,0.0122,0.01264,3.63,1
21720,Pacific cod,2022,22010054,6/30/2022,R/V Resolution,510D,38,1,2,57.2745,-152.5397,55,1,0.0122,0.01242,8.09,7
21720,Pacific cod,2022,22010055,6/30/2022,R/V Resolution,510C,21.5,1,2,57.216,-152.5325,52,1,0.0122,0.01242,9.58,7
21720,Pacific cod,2022,22010056,6/30/2022,R/V Resolution,534BX,20.8,1,2,57.1877,-152.5575,55,1,0.0122,0.01242,1.08,1
21720,Pacific cod,2022,22010057,6/30/2022,R/V Resolution,535A,21.1,1,2,57.1835,-152.4633,75,1.9,0.0122,0.02258,47.3,12
21720,Pacific cod,2022,22010058,6/30/2022,R/V Resolution,535B,21.4,1,2,57.1698,-152.4142,71,1,0.0122,0.01242,0,0
21720,Pacific cod,2022,22010059,6/30/2022,R/V Resolution,535D,21.4,1,2,57.138,-152.408,77,1,0.0122,0.01242,20.61,6
21720,Pacific cod,2022,22010060,6/30/2022,R/V Resolution,535C,21.1,1,2,57.1317,-152.436,84,1,0.0122,0.01242,5.98,2
21720,Pacific cod,2022,22010061,6/30/2022,R/V Resolution,534DX,29,1,2,57.1392,-152.5065,71,1,0.0122,0.01242,14.73,3
21720,Pacific cod,2022,22010062,7/1/2022,R/V Resolution,UGF,15.8,1,2,57.3958,-152.5677,47,1.2,0.0122,0.01468,0,0
21720,Pacific cod,2022,22010063,7/1/2022,R/V Resolution,UGE,12.7,1,2,57.3992,-152.5873,50,1.2,0.0122,0.01468,12.65,3
21720,Pacific cod,2022,22010064,7/1/2022,R/V Resolution,UGD,11,1,2,57.429,-152.6123,53,1.3,0.0122,0.01581,2.33,1
21720,Pacific cod,2022,22010065,7/1/2022,R/V Resolution,UGC,17.5,1,2,57.4537,-152.6803,50,1.9,0.0122,0.02258,33.12,5
21720,Pacific cod,2022,22010066,7/1/2022,R/V Resolution,UGAC,3.2,1,2,57.4578,-152.9948,19,1.2,0.0122,0.01468,0,0
21720,Pacific cod,2022,22010067,7/1/2022,R/V Resolution,UGAD,4.4,1,2,57.4755,-152.9042,39,1.9,0.0122,0.02258,15.63,4
21720,Pacific cod,2022,22010068,7/1/2022,R/V Resolution,UGAA,16,1,2,57.4972,-152.8572,42,1.5,0.0122,0.01806,9.43,3
21720,Pacific cod,2022,22010069,7/1/2022,R/V Resolution,UGB,5.8,1,2,57.4707,-152.755,50,1.2,0.0122,0.01468,15.28,2
21720,Pacific cod,2022,22010070,7/2/2022,R/V Resolution,KLA,20.9,1,2,57.306,-153.0687,50,1,0.0122,0.01242,0,0
21720,Pacific cod,2022,22010071,7/2/2022,R/V Resolution,KLB,9.3,1,2,57.3105,-152.9827,45,1.9,0.0122,0.02258,28.31,7
21720,Pacific cod,2022,22010072,7/2/2022,R/V Resolution,KLC,19.6,1,2,57.2742,-152.929,52,1.9,0.0122,0.02258,36.13,13
21720,Pacific cod,2022,22010073,7/2/2022,R/V Resolution,KLG,16.5,1,2,57.2112,-152.9815,65,1.9,0.0122,0.02258,0,0
21720,Pacific cod,2022,22010074,7/2/2022,R/V Resolution,KLF,15.1,1,2,57.202,-153.0435,67,1.9,0.0122,0.02258,23.02,7
21720,Pacific cod,2022,22010075,7/2/2022,R/V Resolution,KLE,8.2,1,2,57.1748,-153.1433,64,1.9,0.0122,0.02258,11.12,3
21720,Pacific cod,2022,22010076,7/3/2022,R/V Resolution,THN,5.1,1,3,57.1708,-153.334,58,1.7,0.0122,0.02032,22.04,6
21720,Pacific cod,2022,22010077,7/3/2022,R/V Resolution,THM,10.6,1,3,57.1537,-153.3478,66,1.5,0.0122,0.01806,8.54,3
21720,Pacific cod,2022,22010078,7/3/2022,R/V Resolution,THL,9.3,1,3,57.1217,-153.3912,68,1.7,0.0122,0.02032,29.74,7
21720,Pacific cod,2022,22010079,7/3/2022,R/V Resolution,THK,16.5,1,3,57.0942,-153.4265,64,1.7,0.0122,0.02032,21.78,4
21720,Pacific cod,2022,22010080,7/3/2022,R/V Resolution,THJ,17.8,1,3,57.0758,-153.4615,62,1.9,0.0122,0.02258,13.4,5
21720,Pacific cod,2022,22010081,7/3/2022,R/V Resolution,THI,21.6,1,3,57.0682,-153.5893,50,1.5,0.0122,0.01806,3.48,1
21720,Pacific cod,2022,22010082,7/3/2022,R/V Resolution,THF,22.3,1,3,57.0212,-153.5825,40,1.3,0.0122,0.01581,4.56,1
21720,Pacific cod,2022,22010083,7/3/2022,R/V Resolution,THG,20,1,3,57.0082,-153.4708,67,1.9,0.0122,0.02258,13.66,4
21720,Pacific cod,2022,22010084,7/4/2022,R/V Resolution,KLH,16.8,1,2,57.2428,-152.9168,59,1.9,0.0122,0.02258,14.52,5
21720,Pacific cod,2022,22010085,7/4/2022,R/V Resolution,KLI,21.4,1,2,57.2457,-152.8612,67,1.9,0.0122,0.02258,64.62,26
21720,Pacific cod,2022,22010086,7/4/2022,R/V Resolution,KLD,18.2,1,2,57.2788,-152.7478,13,1.1,0.0122,0.01355,2.09,4
21720,Pacific cod,2022,22010087,7/4/2022,R/V Resolution,KLL,21.4,1,2,57.2292,-152.789,73,1.9,0.0122,0.02258,36.97,19
21720,Pacific cod,2022,22010088,7/4/2022,R/V Resolution,533B,42.9,1,2,57.1468,-152.727,79,1.5,0.0122,0.01806,0,0
21720,Pacific cod,2022,22010089,7/4/2022,R/V Resolution,560,85.7,1,2,57.0685,-152.644,83,1.5,0.0122,0.01806,0,0
21720,Pacific cod,2022,22010090,7/4/2022,R/V Resolution,561,85.7,1,2,57.0613,-152.4923,80,1.5,0.0122,0.01806,6.44,2
21720,Pacific cod,2022,22010091,7/4/2022,R/V Resolution,589,85.7,1,2,57.0183,-152.4262,75,1.5,0.0122,0.01806,3.88,2
21720,Pacific cod,2022,22010092,7/5/2022,R/V Resolution,533A,42.9,1,2,57.1727,-152.7512,76,1.3,0.0122,0.01581,14.34,5
21720,Pacific cod,2022,22010093,7/5/2022,R/V Resolution,559,85.7,1,2,57.0933,-152.7318,84,1.5,0.0122,0.01806,5.31,1
21720,Pacific cod,2022,22010094,7/5/2022,R/V Resolution,588,85.7,1,2,57.0215,-152.618,83,1.5,0.0122,0.01806,0,0
21720,Pacific cod,2022,22010095,7/5/2022,R/V Resolution,621,85.7,1,2,56.9448,-152.4678,84,1.5,0.0122,0.01806,0,0
21720,Pacific cod,2022,22010096,7/5/2022,R/V Resolution,656,85.7,1,2,56.8553,-152.4227,88,1.7,0.0122,0.02032,0,0
21720,Pacific cod,2022,22010097,7/5/2022,R/V Resolution,696,85.7,1,2,56.7348,-152.4402,100,1.9,0.0122,0.02258,0,0
21720,Pacific cod,2022,22010098,7/5/2022,R/V Resolution,695,85.7,1,2,56.7417,-152.5588,78,1.5,0.0122,0.01806,0,0
21720,Pacific cod,2022,22010099,7/5/2022,R/V Resolution,655,85.7,1,2,56.7948,-152.532,83,1.5,0.0122,0.01806,0,0
21720,Pacific cod,2022,22010100,7/6/2022,R/V Resolution,587,85.7,1,2,56.989,-152.6512,83,1.5,0.0122,0.01806,0,0
21720,Pacific cod,2022,22010101,7/6/2022,R/V Resolution,620,85.7,1,2,56.9323,-152.6292,83,1.5,0.0122,0.01806,0,0
21720,Pacific cod,2022,22010102,7/6/2022,R/V Resolution,654,85.7,1,2,56.8547,-152.7155,55,1.5,0.0122,0.01806,2.24,3
21720,Pacific cod,2022,22010103,7/6/2022,R/V Resolution,619,85.7,1,2,56.9233,-152.7247,74,1.5,0.0122,0.01806,0,0
21720,Pacific cod,2022,22010104,7/6/2022,R/V Resolution,618A,42.9,1,3,56.9245,-152.8528,65,1.1,0.0122,0.01355,0,0
21720,Pacific cod,2022,22010105,7/6/2022,R/V Resolution,586,85.7,1,3,56.9592,-152.9093,70,1.5,0.0122,0.01806,0,0
21720,Pacific cod,2022,22010106,7/6/2022,R/V Resolution,585X,78.8,1,3,56.9497,-153.0118,74,1.5,0.0122,0.01806,35.05,13
21720,Pacific cod,2022,22010107,7/6/2022,R/V Resolution,651,85.7,1,3,56.8475,-153.2495,96,1.7,0.0122,0.02032,0,0
21720,Pacific cod,2022,22010108,7/7/2022,R/V Resolution,THA,15.1,1,3,56.8865,-153.7167,28,1.7,0.0122,0.02032,0,0
21720,Pacific cod,2022,22010109,7/7/2022,R/V Resolution,614,61.2,1,3,56.9228,-153.4633,77,1.9,0.0122,0.02258,0,0
21720,Pacific cod,2022,22010110,7/7/2022,R/V Resolution,615,99.5,1,3,56.905,-153.4167,77,1.9,0.0122,0.02258,5.14,2
21720,Pacific cod,2022,22010111,7/7/2022,R/V Resolution,THH,20.4,1,3,57.0193,-153.4165,60,1.9,0.0122,0.02258,10.39,3
21720,Pacific cod,2022,22010112,7/7/2022,R/V Resolution,THDX,28.6,1,3,56.9835,-153.4767,71,1.9,0.0122,0.02258,12.96,4
21720,Pacific cod,2022,22010113,7/7/2022,R/V Resolution,THCX,19.6,1,3,56.9637,-153.4983,72,1.9,0.0122,0.02258,0,0
21720,Pacific cod,2022,22010114,7/8/2022,R/V Resolution,688,85.7,1,3,56.721,-153.657,83,1.5,0.0122,0.01806,17.12,7
21720,Pacific cod,2022,22010115,7/8/2022,R/V Resolution,726,85.7,1,3,56.6943,-153.5868,85,1.5,0.0122,0.01806,1.55,1
21720,Pacific cod,2022,22010116,7/8/2022,R/V Resolution,727,85.7,1,3,56.6718,-153.4877,82,1.5,0.0122,0.01806,0,0
21720,Pacific cod,2022,22010117,7/8/2022,R/V Resolution,760,85.7,1,3,56.5778,-153.4532,73,1.5,0.0122,0.01806,1.68,2
21720,Pacific cod,2022,22010118,7/8/2022,R/V Resolution,728,85.7,1,3,56.644,-153.3238,80,1.5,0.0122,0.01806,0,0
21720,Pacific cod,2022,22010119,7/8/2022,R/V Resolution,729,85.7,1,3,56.6815,-153.1925,80,1.5,0.0122,0.01806,0,0
21720,Pacific cod,2022,22010120,7/8/2022,R/V Resolution,761,85.7,1,3,56.6125,-153.2725,75,1.5,0.0122,0.01806,0,0
21720,Pacific cod,2022,22010121,7/9/2022,R/V Resolution,646D,37.4,1,4,56.8005,-154.3802,31,1.9,0.0122,0.02258,12.29,4
21720,Pacific cod,2022,22010122,7/9/2022,R/V Resolution,646B,16.5,1,4,56.8403,-154.3898,33,1.9,0.0122,0.02258,2.76,1
21720,Pacific cod,2022,22010123,7/9/2022,R/V Resolution,646A,27.1,1,4,56.861,-154.4127,35,1.9,0.0122,0.02258,3.61,1
21720,Pacific cod,2022,22010124,7/9/2022,R/V Resolution,645B,34.3,1,4,56.8542,-154.5023,37,1.9,0.0122,0.02258,3.38,1
21720,Pacific cod,2022,22010125,7/9/2022,R/V Resolution,646C,27.9,1,4,56.8197,-154.4727,37,1.9,0.0122,0.02258,8.06,4
21720,Pacific cod,2022,22010126,7/9/2022,R/V Resolution,682B,21.7,1,4,56.7745,-154.5338,39,1.9,0.0122,0.02258,14.54,4
21720,Pacific cod,2022,22010127,7/9/2022,R/V Resolution,683A,22.2,1,4,56.7642,-154.4792,34,1.9,0.0122,0.02258,10.24,3
21720,Pacific cod,2022,22010128,7/9/2022,R/V Resolution,683B,20.9,1,4,56.7612,-154.3988,34,1.9,0.0122,0.02258,15.77,5
21720,Pacific cod,2022,22010129,7/10/2022,R/V Resolution,ALD,13,1,4,56.8775,-154.1903,30,1.7,0.0122,0.02032,14.48,6
21720,Pacific cod,2022,22010130,7/10/2022,R/V Resolution,ALBX,12.8,1,4,56.8413,-154.2237,22,1.7,0.0122,0.02032,25.6,16
21720,Pacific cod,2022,22010131,7/10/2022,R/V Resolution,ALCA,8.1,1,4,56.8252,-154.1268,40,1.5,0.0122,0.01806,42.1,17
21720,Pacific cod,2022,22010132,7/10/2022,R/V Resolution,ALA,3.1,1,4,56.7963,-154.1343,39,1.5,0.0122,0.01806,12.14,6
21720,Pacific cod,2022,22010133,7/10/2022,R/V Resolution,684A,21.7,1,4,56.7457,-154.2903,35,1.7,0.0122,0.02032,88.69,34
21720,Pacific cod,2022,22010134,7/10/2022,R/V Resolution,683D,9.3,1,4,56.7302,-154.3615,41,1.7,0.0122,0.02032,9.73,4
21720,Pacific cod,2022,22010135,7/10/2022,R/V Resolution,684C,8.6,1,4,56.7368,-154.3287,40,1.5,0.0122,0.01806,16.68,7
21720,Pacific cod,2022,22010136,7/10/2022,R/V Resolution,684B,10.3,1,4,56.7632,-154.232,42,1.5,0.0122,0.01806,54.28,16
21720,Pacific cod,2022,22010137,7/11/2022,R/V Resolution,ALF,21.4,1,4,56.8568,-154.1635,29,1.7,0.0122,0.02032,6.3,2
21720,Pacific cod,2022,22010138,7/11/2022,R/V Resolution,ALH,16.1,1,4,56.882,-154.1283,35,1.7,0.0122,0.02032,27.75,9
21720,Pacific cod,2022,22010139,7/11/2022,R/V Resolution,ALI,16.6,1,4,56.9005,-154.1005,44,1.7,0.0122,0.02032,29.12,10
21720,Pacific cod,2022,22010140,7/11/2022,R/V Resolution,ALG,19.9,1,4,56.8607,-154.0945,32,1.7,0.0122,0.02032,14.4,4
21720,Pacific cod,2022,22010141,7/11/2022,R/V Resolution,ALJ,15.1,1,4,56.8985,-154.0302,39,1.9,0.0122,0.02258,5.72,2
21720,Pacific cod,2022,22010142,7/11/2022,R/V Resolution,ALK,9.9,1,4,56.9273,-153.9503,38,1.5,0.0122,0.01806,24.35,7
21720,Pacific cod,2022,22010143,7/11/2022,R/V Resolution,ALM,16.1,1,4,56.9225,-153.9955,36,1.9,0.0122,0.02258,21.67,6
21720,Pacific cod,2022,22010144,7/12/2022,R/V Resolution,ALR,13.4,1,4,57.1282,-153.8042,63,1.9,0.0122,0.02258,29.57,7
21720,Pacific cod,2022,22010145,7/12/2022,R/V Resolution,ALQ,14.4,1,4,57.0853,-153.8952,94,1.9,0.0122,0.02258,42.12,10
21720,Pacific cod,2022,22010146,7/12/2022,R/V Resolution,ALP,18.4,1,4,57.043,-153.9572,85,1.9,0.0122,0.02258,33.66,9
21720,Pacific cod,2022,22010147,7/12/2022,R/V Resolution,ALO,16.8,1,4,56.9887,-154.0068,74,1.9,0.0122,0.02258,7.74,2
21720,Pacific cod,2022,22010148,7/12/2022,R/V Resolution,ALL,8.2,1,4,56.9265,-154.083,52,1.7,0.0122,0.02032,7.68,3
21720,Pacific cod,2022,22010149,7/13/2022,R/V Resolution,725,85.7,1,3,56.6662,-153.8322,55,1.5,0.0122,0.01806,40.81,75
21720,Pacific cod,2022,22010150,7/13/2022,R/V Resolution,759,85.7,1,3,56.5502,-153.5713,81,1.5,0.0122,0.01806,0.09,1
21720,Pacific cod,2022,22010151,7/24/2022,R/V Resolution,4308,17.1,6,4,56.5397,-157.6135,72,1.9,0.0122,0.02258,83.07,32
21720,Pacific cod,2022,22010152,7/24/2022,R/V Resolution,4302,18.2,6,4,56.5408,-157.6767,56,1.9,0.0122,0.02258,3.17,1
21720,Pacific cod,2022,22010153,7/24/2022,R/V Resolution,4301,21.4,6,4,56.567,-157.689,52,1.9,0.0122,0.02258,2.12,2
21721,Juvenile Cod,2022,22010154,7/24/2022,R/V Resolution,4290,21.3,6,4,56.5973,-157.8348,15,1,0.0122,0.01242,1.47,49
21720,Pacific cod,2022,22010155,7/24/2022,R/V Resolution,4296,10.3,6,4,56.6228,-157.774,35,1.9,0.0122,0.02258,18.48,5
21720,Pacific cod,2022,22010156,7/25/2022,R/V Resolution,4964,9.6,6,3,56.2247,-158.3442,38,1.9,0.0122,0.02258,1.9,1
21720,Pacific cod,2022,22010157,7/25/2022,R/V Resolution,4265,6.6,6,3,56.1903,-158.3068,30,1.9,0.0122,0.02258,3.21,1
21720,Pacific cod,2022,22010158,7/25/2022,R/V Resolution,4264,19.7,6,3,56.235,-158.2607,42,1.9,0.0122,0.02258,0,0
21720,Pacific cod,2022,22010159,7/25/2022,R/V Resolution,4271,10,6,3,56.2322,-158.216,52,1.9,0.0122,0.02258,13.17,5
21720,Pacific cod,2022,22010160,7/25/2022,R/V Resolution,4270,17.1,6,3,56.2523,-158.1827,58,1.9,0.0122,0.02258,0,0
21720,Pacific cod,2022,22010161,7/25/2022,R/V Resolution,4312,21.9,6,3,56.2543,-158.1505,69,1.9,0.0122,0.02258,133.93,45
21720,Pacific cod,2022,22010162,7/25/2022,R/V Resolution,4267,21.4,6,3,56.4017,-158.1673,68,1.5,0.0122,0.01806,0,0
21720,Pacific cod,2022,22010163,7/25/2022,R/V Resolution,4256,22.5,6,3,56.4208,-158.3065,53,1,0.0122,0.01242,8.99,3
21720,Pacific cod,2022,22010164,7/26/2022,R/V Resolution,4262,21.4,6,3,56.3477,-158.2695,41,1.7,0.0122,0.02032,8,3
21720,Pacific cod,2022,22010165,7/26/2022,R/V Resolution,4266,19.6,6,3,56.4197,-158.204,84,1.5,0.0122,0.01806,37.95,13
21720,Pacific cod,2022,22010166,7/26/2022,R/V Resolution,4274,21.4,6,3,56.4053,-158.1422,89,1.5,0.0122,0.01806,4.41,1
21720,Pacific cod,2022,22010167,7/26/2022,R/V Resolution,4278,21.4,6,3,56.392,-158.0335,105,1.5,0.0122,0.01806,0,0
21720,Pacific cod,2022,22010168,7/26/2022,R/V Resolution,4272,15.9,6,3,56.5087,-158.1242,50,1.9,0.0122,0.02258,74.67,25
21720,Pacific cod,2022,22010169,7/26/2022,R/V Resolution,4277,21.4,6,3,56.4277,-158.0573,99,1.5,0.0122,0.01806,12.46,4
21720,Pacific cod,2022,22010170,7/26/2022,R/V Resolution,4282,21.4,6,3,56.4213,-157.9955,109,1.5,0.0122,0.01806,16.76,5
21720,Pacific cod,2022,22010171,7/26/2022,R/V Resolution,4287,28.5,6,3,56.4035,-157.9333,107,1.5,0.0122,0.01806,8.29,3
21720,Pacific cod,2022,22010172,7/27/2022,R/V Resolution,4298,19,6,4,56.5347,-157.748,50,1.9,0.0122,0.02258,8.22,6
21720,Pacific cod,2022,22010173,7/27/2022,R/V Resolution,4286,21.4,6,3,56.4263,-157.9132,90,1.5,0.0122,0.01806,0,0
21720,Pacific cod,2022,22010174,7/27/2022,R/V Resolution,4066B,43.6,6,2,55.8852,-158.5563,66,1.9,0.0122,0.02258,0,0
21720,Pacific cod,2022,22010175,7/27/2022,R/V Resolution,4066A,43.6,6,2,55.8693,-158.598,65,1.9,0.0122,0.02258,17.86,8
21720,Pacific cod,2022,22010176,7/27/2022,R/V Resolution,4065,80,6,2,55.9303,-158.566,57,1.9,0.0122,0.02258,4.3,3
21720,Pacific cod,2022,22010177,7/28/2022,R/V Resolution,4063,34.3,6,2,56.1322,-158.5827,84,1.9,0.0122,0.02258,37.77,13
21720,Pacific cod,2022,22010178,7/28/2022,R/V Resolution,4048,17.6,6,2,56.0648,-158.634,80,1.9,0.0122,0.02258,36.35,11
21720,Pacific cod,2022,22010179,7/28/2022,R/V Resolution,4064,38.6,6,2,55.9972,-158.5933,85,1.9,0.0122,0.02258,5.16,2
21720,Pacific cod,2022,22010180,7/28/2022,R/V Resolution,4050B,42.9,6,2,55.8925,-158.665,65,1.9,0.0122,0.02258,0,0
21720,Pacific cod,2022,22010181,7/28/2022,R/V Resolution,4050A,25.9,6,2,55.8955,-158.7213,76,1.9,0.0122,0.02258,0,0
21720,Pacific cod,2022,22010182,7/28/2022,R/V Resolution,4049,57.2,6,2,55.921,-158.7513,80,1.9,0.0122,0.02258,15.66,4
21720,Pacific cod,2022,22010183,7/28/2022,R/V Resolution,4035,59.3,6,2,55.9515,-158.8415,77,1.9,0.0122,0.02258,13.36,4
21720,Pacific cod,2022,22010184,7/28/2022,R/V Resolution,4036,64.9,6,2,55.8823,-158.9318,70,1.9,0.0122,0.02258,9.42,4
21720,Pacific cod,2022,22010185,7/29/2022,R/V Resolution,4037,43.7,6,2,55.821,-158.9652,70,1.9,0.0122,0.02258,15.47,7
21720,Pacific cod,2022,22010186,7/29/2022,R/V Resolution,4038B,43.7,6,2,55.7028,-158.9125,81,1.5,0.0122,0.01806,8.51,3
21720,Pacific cod,2022,22010187,7/29/2022,R/V Resolution,4038A,43.7,6,2,55.7125,-158.9638,79,1.5,0.0122,0.01806,0,0
21720,Pacific cod,2022,22010188,7/29/2022,R/V Resolution,4026,43.7,6,2,55.7182,-159.0268,75,1.5,0.0122,0.01806,2.02,1
21720,Pacific cod,2022,22010189,7/29/2022,R/V Resolution,4025,43.7,6,2,55.783,-159.0073,67,1.9,0.0122,0.02258,12.84,4
21720,Pacific cod,2022,22010190,7/29/2022,R/V Resolution,4024,57.6,6,2,55.8912,-159.0688,55,1.9,0.0122,0.02258,22.92,8
21720,Pacific cod,2022,22010191,7/29/2022,R/V Resolution,4915,51,6,1,55.8607,-159.1813,36,1.9,0.0122,0.02258,17.39,7
21720,Pacific cod,2022,22010192,7/29/2022,R/V Resolution,4007,37.2,6,1,55.7773,-159.3925,49,1.9,0.0122,0.02258,42.74,13
21720,Pacific cod,2022,22010193,7/30/2022,R/V Resolution,4000X,5.6,6,1,55.8187,-159.4872,39,1.9,0.0122,0.02258,23.33,7
21720,Pacific cod,2022,22010194,7/30/2022,R/V Resolution,4000Y,15.8,6,1,55.773,-159.4597,45,1.9,0.0122,0.02258,14.97,5
21720,Pacific cod,2022,22010195,7/30/2022,R/V Resolution,4008,42.1,6,1,55.7377,-159.4195,55,1.9,0.0122,0.02258,12.9,4
21720,Pacific cod,2022,22010196,7/30/2022,R/V Resolution,STD,22.4,2,6,55.7537,-159.8248,66,1.5,0.0122,0.01806,18.32,6
21720,Pacific cod,2022,22010197,7/30/2022,R/V Resolution,STA,21,2,6,55.8083,-159.8138,60,1.5,0.0122,0.01806,4.84,2
21720,Pacific cod,2022,22010198,7/30/2022,R/V Resolution,STB,18.9,2,6,55.8287,-159.76,59,1.5,0.0122,0.01806,18.76,6
21720,Pacific cod,2022,22010199,7/30/2022,R/V Resolution,STE,15.5,2,6,55.7907,-159.766,67,1.5,0.0122,0.01806,6.62,3
21720,Pacific cod,2022,22010200,7/31/2022,R/V Resolution,368A,43.9,2,5,55.578,-160.1763,98,1.9,0.0122,0.02258,11.94,4
21720,Pacific cod,2022,22010201,7/31/2022,R/V Resolution,348,85.7,2,5,55.5245,-160.2962,110,1.6,0.0122,0.01919,11.36,4
21720,Pacific cod,2022,22010202,7/31/2022,R/V Resolution,329B,21.4,2,5,55.4648,-160.4257,96,1.9,0.0122,0.02258,29.75,11
21720,Pacific cod,2022,22010203,7/31/2022,R/V Resolution,329C,21.4,2,5,55.4292,-160.4878,70,1.9,0.0122,0.02258,16.02,8
21720,Pacific cod,2022,22010204,7/31/2022,R/V Resolution,311C,16.2,2,5,55.4335,-160.5025,73,1.9,0.0122,0.02258,15.53,8
21720,Pacific cod,2022,22010205,7/31/2022,R/V Resolution,311A,15.5,2,5,55.4518,-160.5942,68,1.9,0.0122,0.02258,16.91,9
21720,Pacific cod,2022,22010206,7/31/2022,R/V Resolution,311B,19.4,2,5,55.4562,-160.581,75,1.9,0.0122,0.02258,24.41,12
21720,Pacific cod,2022,22010207,7/31/2022,R/V Resolution,BAF,9.4,2,5,55.4778,-160.553,45,1.9,0.0122,0.02258,28.53,23
21720,Pacific cod,2022,22010208,8/1/2022,R/V Resolution,BAA,12,2,5,55.539,-160.699,17,1,0.0122,0.01242,1.32,1
21720,Pacific cod,2022,22010209,8/1/2022,R/V Resolution,BAC,16.9,2,5,55.5183,-160.6153,55,1.9,0.0122,0.02258,22.89,10
21720,Pacific cod,2022,22010210,8/1/2022,R/V Resolution,BAD,8.3,2,5,55.5092,-160.5718,51,1.9,0.0122,0.02258,54.4,23
21720,Pacific cod,2022,22010211,8/1/2022,R/V Resolution,BAE,12.7,2,5,55.4853,-160.598,65,1.9,0.0122,0.02258,47.71,24
21720,Pacific cod,2022,22010212,8/2/2022,R/V Resolution,301,85.7,2,7,54.8035,-160.7353,59,1.5,0.0122,0.01806,8.34,3
21720,Pacific cod,2022,22010213,8/2/2022,R/V Resolution,318,85.7,2,7,54.7918,-160.6285,59,1.5,0.0122,0.01806,4.26,1
21720,Pacific cod,2022,22010214,8/2/2022,R/V Resolution,337,85.7,2,7,54.7683,-160.4937,59,1.5,0.0122,0.01806,0,0
21720,Pacific cod,2022,22010215,8/2/2022,R/V Resolution,335,85.7,2,7,54.9918,-160.5012,69,1.5,0.0122,0.01806,4.72,3
21720,Pacific cod,2022,22010216,8/2/2022,R/V Resolution,334,85.7,2,7,55.028,-160.4232,82,1.5,0.0122,0.01806,0,0
21720,Pacific cod,2022,22010217,8/2/2022,R/V Resolution,354,85.7,2,7,55.0702,-160.3312,70,1.5,0.0122,0.01806,4.91,2
21720,Pacific cod,2022,22010218,8/3/2022,R/V Resolution,373A,28,2,7,55.119,-160.1262,16,1.2,0.0122,0.01468,16.43,27
21720,Pacific cod,2022,22010220,8/3/2022,R/V Resolution,373B,20.5,2,7,55.1508,-160.0573,42,1.9,0.0122,0.02258,0,0
21720,Pacific cod,2022,22010221,8/3/2022,R/V Resolution,393,42,2,7,55.2003,-159.9812,42,1.3,0.0122,0.01581,5.68,2
21720,Pacific cod,2022,22010222,8/3/2022,R/V Resolution,371,76,2,7,55.2783,-160.1525,75,1.4,0.0122,0.01694,5.14,1
21720,Pacific cod,2022,22010223,8/3/2022,R/V Resolution,332B,42.9,2,7,55.2048,-160.3748,99,1.5,0.0122,0.01806,28.27,11
21720,Pacific cod,2022,22010224,8/4/2022,R/V Resolution,BVC,18.9,2,5,55.459,-160.889,45,1.9,0.0122,0.02258,36.46,20
21720,Pacific cod,2022,22010225,8/4/2022,R/V Resolution,BVB,14,2,5,55.4998,-160.8747,20,1.5,0.0122,0.01806,11.6,12
21720,Pacific cod,2022,22010226,8/4/2022,R/V Resolution,BVA,13.5,2,5,55.4853,-160.9097,27,1.5,0.0122,0.01806,8.66,6
21720,Pacific cod,2022,22010227,8/4/2022,R/V Resolution,278,71.4,2,5,55.3797,-160.9447,59,1.5,0.0122,0.01806,39.49,17
21720,Pacific cod,2022,22010228,8/4/2022,R/V Resolution,245,21,2,4,55.2698,-161.2203,45,1.9,0.0122,0.02258,12.1,3
21720,Pacific cod,2022,22010229,8/4/2022,R/V Resolution,228,12.8,2,4,55.2792,-161.2795,45,1.9,0.0122,0.02258,19.85,7
21720,Pacific cod,2022,22010230,8/4/2022,R/V Resolution,VOD,20.8,2,4,55.315,-161.5487,59,1.9,0.0122,0.02258,40.58,17
21720,Pacific cod,2022,22010231,8/5/2022,R/V Resolution,VOLX,17.7,2,4,55.2137,-161.9718,39,1.9,0.0122,0.02258,28.74,10
21720,Pacific cod,2022,22010232,8/5/2022,R/V Resolution,VOPX,29.7,2,4,55.1838,-161.9383,45,1.9,0.0122,0.02258,25.38,10
21720,Pacific cod,2022,22010233,8/5/2022,R/V Resolution,VOQ,15.9,2,4,55.1987,-161.8213,50,1.9,0.0122,0.02258,42.14,13
21720,Pacific cod,2022,22010234,8/5/2022,R/V Resolution,VOR,21.1,2,4,55.1973,-161.7475,65,1.9,0.0122,0.02258,39.88,16
21720,Pacific cod,2022,22010235,8/5/2022,R/V Resolution,VON,22.1,2,4,55.2263,-161.764,65,1.9,0.0122,0.02258,162.18,54
21720,Pacific cod,2022,22010236,8/5/2022,R/V Resolution,VOM,27.5,2,4,55.2312,-161.8375,48,1.9,0.0122,0.02258,20.94,11
21720,Pacific cod,2022,22010237,8/5/2022,R/V Resolution,VOFB,15.5,2,4,55.2602,-161.8202,53,1.9,0.0122,0.02258,27.16,16
21720,Pacific cod,2022,22010238,8/5/2022,R/V Resolution,VOG,22.1,2,4,55.2532,-161.777,58,1.9,0.0122,0.02258,49.84,17
21720,Pacific cod,2022,22010239,8/6/2022,R/V Resolution,PARA,19.1,2,4,55.4088,-161.6675,57,1.9,0.0122,0.02258,15.75,7
21720,Pacific cod,2022,22010240,8/6/2022,R/V Resolution,PAU,21.4,2,4,55.3723,-161.6747,69,1.9,0.0122,0.02258,63.51,19
21720,Pacific cod,2022,22010241,8/6/2022,R/V Resolution,VOBX,43.5,2,4,55.3092,-161.613,53,1.9,0.0122,0.02258,54.82,17
21720,Pacific cod,2022,22010242,8/6/2022,R/V Resolution,VOA,22.1,2,4,55.2935,-161.7217,62,1.9,0.0122,0.02258,44.76,20
21720,Pacific cod,2022,22010243,8/8/2022,R/V Resolution,AKA,33.2,3,1,54.1467,-165.7007,39,1.5,0.0122,0.01806,197.19,192
21720,Pacific cod,2022,22010244,8/8/2022,R/V Resolution,AKC,21.2,3,1,54.1768,-165.712,47,1.5,0.0122,0.01806,2.16,3
21720,Pacific cod,2022,22010245,8/8/2022,R/V Resolution,AKD,22.5,3,1,54.19,-165.7032,47,1.5,0.0122,0.01806,1.8,3
21720,Pacific cod,2022,22010246,8/8/2022,R/V Resolution,AKG,21.4,3,1,54.2265,-165.749,54,1.5,0.0122,0.01806,0,0
21720,Pacific cod,2022,22010247,8/8/2022,R/V Resolution,AKL,21.4,3,1,54.2538,-165.7433,56,1.5,0.0122,0.01806,0,0
21720,Pacific cod,2022,22010248,8/8/2022,R/V Resolution,KAA,19.5,3,2,53.9733,-166.3293,45,1.3,0.0122,0.01581,4.08,3
21720,Pacific cod,2022,22010249,8/9/2022,R/V Resolution,UNC,22.6,3,2,53.9175,-166.6028,75,1.7,0.0122,0.02032,23.49,6
21720,Pacific cod,2022,22010250,8/9/2022,R/V Resolution,UNF,21.4,3,2,53.9688,-166.5245,83,1.9,0.0122,0.02258,463.66,162
21720,Pacific cod,2022,22010251,8/9/2022,R/V Resolution,UNE,17.9,3,2,53.9412,-166.5027,52,1.2,0.0122,0.01468,5.74,4
21720,Pacific cod,2022,22010252,8/9/2022,R/V Resolution,UND,11.7,3,2,53.9427,-166.4793,43,1.2,0.0122,0.01468,2.55,3
21720,Pacific cod,2022,22010253,8/9/2022,R/V Resolution,UNG,21.4,3,2,53.979,-166.4465,42,1.1,0.0122,0.01355,7.83,12
21720,Pacific cod,2022,22010254,8/9/2022,R/V Resolution,UNJ,21.4,3,2,54.0288,-166.497,94,1.5,0.0122,0.01806,44.05,16
21720,Pacific cod,2022,22010255,8/12/2022,R/V Resolution,MKK,35.7,3,3,53.7272,-167.176,65,1.9,0.0122,0.02258,20.88,12
21720,Pacific cod,2022,22010256,8/12/2022,R/V Resolution,MKN,26.2,3,3,53.6763,-167.1123,74,1.9,0.0122,0.02258,6.06,2
21720,Pacific cod,2022,22010257,8/12/2022,R/V Resolution,MKP,11.1,3,3,53.6468,-167.0617,76,1.9,0.0122,0.02258,17.3,7
21720,Pacific cod,2022,22010258,8/12/2022,R/V Resolution,MKF,20.9,3,3,53.7397,-167.0108,107,1.9,0.0122,0.02258,22.13,7
21720,Pacific cod,2022,22010259,8/12/2022,R/V Resolution,MKE,29.1,3,3,53.7303,-166.95,108,1.7,0.0122,0.02032,12.45,4
21720,Pacific cod,2022,22010260,8/13/2022,R/V Resolution,MKB,15.8,3,3,53.6998,-166.7832,54,1.9,0.0122,0.02258,35.43,10
21720,Pacific cod,2022,22010261,8/13/2022,R/V Resolution,MKC,18.5,3,3,53.7162,-166.8537,96,1.7,0.0122,0.02032,40.73,12
21720,Pacific cod,2022,22010262,8/13/2022,R/V Resolution,MKJ,22.9,3,3,53.719,-167.1158,65,1,0.0122,0.01242,26.45,13
21720,Pacific cod,2022,22010263,8/13/2022,R/V Resolution,UNI,19.7,3,2,54.0272,-166.6142,48,1.3,0.0122,0.01581,0,0
21720,Pacific cod,2022,22010264,8/15/2022,R/V Resolution,MORX,33.7,2,2,54.8315,-163.1632,51,1.7,0.0122,0.02032,71.15,24
21720,Pacific cod,2022,22010265,8/15/2022,R/V Resolution,MOSX,42.7,2,2,54.8537,-163.0988,53,1.9,0.0122,0.02258,20.6,6
21720,Pacific cod,2022,22010266,8/15/2022,R/V Resolution,MOOX,43.8,2,2,54.8503,-162.986,53,1.9,0.0122,0.02258,68.54,22
21720,Pacific cod,2022,22010267,8/15/2022,R/V Resolution,MOK,21.4,2,2,54.8875,-162.9975,54,1.5,0.0122,0.01806,22.62,9
21720,Pacific cod,2022,22010268,8/15/2022,R/V Resolution,MOL,21.4,2,2,54.9085,-162.9558,70,1.5,0.0122,0.01806,48.28,16
21720,Pacific cod,2022,22010269,8/15/2022,R/V Resolution,MOH,15.1,2,2,54.9385,-162.996,54,1.9,0.0122,0.02258,36.71,16
21720,Pacific cod,2022,22010270,8/15/2022,R/V Resolution,MOF,20,2,2,54.9813,-163.0217,45,1.9,0.0122,0.02258,8.66,4
21720,Pacific cod,2022,22010271,8/15/2022,R/V Resolution,MOD,16.1,2,2,55.0167,-163.0418,48,1.9,0.0122,0.02258,28.18,12
21720,Pacific cod,2022,22010272,8/16/2022,R/V Resolution,MOG,17.6,2,2,54.9912,-162.995,50,1.5,0.0122,0.01806,41.87,15
21720,Pacific cod,2022,22010273,8/16/2022,R/V Resolution,MOI,16.9,2,2,54.9547,-162.968,57,1.5,0.0122,0.01806,18.44,8
21720,Pacific cod,2022,22010274,8/16/2022,R/V Resolution,87AX,42.9,2,2,54.8153,-163.0053,46,1.9,0.0122,0.02258,0,0
21720,Pacific cod,2022,22010275,8/16/2022,R/V Resolution,87D,22.3,2,2,54.778,-162.9472,48,1.9,0.0122,0.02258,23.81,10
21720,Pacific cod,2022,22010276,8/16/2022,R/V Resolution,113,77.2,2,1,54.565,-162.6763,73,1.5,0.0122,0.01806,14.07,5
21720,Pacific cod,2022,22010277,8/16/2022,R/V Resolution,126,77.8,2,1,54.4835,-162.5552,77,1.5,0.0122,0.01806,11.46,5
21720,Pacific cod,2022,22010278,8/17/2022,R/V Resolution,125,77.2,2,1,54.5172,-162.5398,81,1.5,0.0122,0.01806,0,0
21720,Pacific cod,2022,22010279,8/17/2022,R/V Resolution,137,85.7,2,1,54.5135,-162.4288,80,1.5,0.0122,0.01806,11.37,4
21720,Pacific cod,2022,22010280,8/17/2022,R/V Resolution,138A,34.8,2,1,54.4893,-162.3968,78,1.5,0.0122,0.01806,0,0
21720,Pacific cod,2022,22010281,8/17/2022,R/V Resolution,138C,56.9,2,1,54.4467,-162.3432,77,1.5,0.0122,0.01806,0,0
21720,Pacific cod,2022,22010282,8/17/2022,R/V Resolution,138B,18.4,2,1,54.4465,-162.4087,80,1.5,0.0122,0.01806,0,0
21720,Pacific cod,2022,22010283,8/17/2022,R/V Resolution,COOX,27.7,2,3,55.0012,-162.3828,57,1.5,0.0122,0.01806,5.17,4
21720,Pacific cod,2022,22010284,8/17/2022,R/V Resolution,COM,18.5,2,3,55.0157,-162.4608,43,0.9,0.0122,0.01129,5.5,3
21720,Pacific cod,2022,22010285,8/18/2022,R/V Resolution,COB,20.8,2,3,55.2277,-162.5958,28,1.1,0.0122,0.01355,0,0
21720,Pacific cod,2022,22010286,8/18/2022,R/V Resolution,COC,14.2,2,3,55.227,-162.5543,26,1.1,0.0122,0.01355,0,0
21720,Pacific cod,2022,22010287,8/18/2022,R/V Resolution,COE,20.2,2,3,55.1975,-162.5447,37,1.2,0.0122,0.01468,0.47,1
21720,Pacific cod,2022,22010288,8/18/2022,R/V Resolution,COF,11.5,2,3,55.1612,-162.5242,50,1.5,0.0122,0.01806,11.05,4
21720,Pacific cod,2022,22010289,8/18/2022,R/V Resolution,COGA,9.8,2,3,55.1438,-162.4755,48,1.5,0.0122,0.01806,1.31,1
21720,Pacific cod,2022,22010290,8/18/2022,R/V Resolution,COH,4.8,2,3,55.1102,-162.3987,25,1.2,0.0122,0.01468,6.54,3
21720,Pacific cod,2022,22010291,8/18/2022,R/V Resolution,COGB,3.6,2,3,55.116,-162.4288,30,1.3,0.0122,0.01581,3.18,1
21720,Pacific cod,2022,22010292,8/19/2022,R/V Resolution,BEG,20.3,2,3,54.9905,-162.1717,46,1.5,0.0122,0.01806,15.26,6
21720,Pacific cod,2022,22010293,8/19/2022,R/V Resolution,157A,21,2,3,54.9187,-162.123,42,1.5,0.0122,0.01806,1.34,1
21720,Pacific cod,2022,22010294,8/19/2022,R/V Resolution,156A,44.2,2,3,54.9657,-162.1072,48,1.7,0.0122,0.02032,8.68,5
21720,Pacific cod,2022,22010295,8/19/2022,R/V Resolution,BEF,14.5,2,3,55.0017,-162.1238,50,1.9,0.0122,0.02258,23.58,8
21720,Pacific cod,2022,22010296,8/19/2022,R/V Resolution,BEBX,15.1,2,3,55.141,-162.1492,38,1.3,0.0122,0.01581,12.01,5
21720,Pacific cod,2022,22010297,8/19/2022,R/V Resolution,BECX,25.7,2,3,55.114,-162.1593,43,1.3,0.0122,0.01581,3.54,2
21720,Pacific cod,2022,22010298,8/19/2022,R/V Resolution,BEE,21.4,2,3,55.0695,-162.1493,44,1.9,0.0122,0.02258,3.45,1
21720,Pacific cod,2022,22010299,8/20/2022,R/V Resolution,VOH,21.7,2,4,55.2682,-161.6763,56,1.9,0.0122,0.02258,36.53,12
21720,Pacific cod,2022,22010300,8/20/2022,R/V Resolution,VOI,21.2,2,4,55.2833,-161.606,58,1.9,0.0122,0.02258,29.68,11
21720,Pacific cod,2022,22010301,8/20/2022,R/V Resolution,PAV,20.6,2,4,55.354,-161.5747,53,1.9,0.0122,0.02258,40.01,11
21720,Pacific cod,2022,22010302,8/20/2022,R/V Resolution,PARB,20.8,2,4,55.409,-161.5847,46,1.9,0.0122,0.02258,10.78,7
21720,Pacific cod,2022,22010303,8/20/2022,R/V Resolution,PAP,20.8,2,4,55.4558,-161.5733,41,1.2,0.0122,0.01468,8.55,4
21720,Pacific cod,2022,22010304,8/20/2022,R/V Resolution,PALX,39.9,2,4,55.4987,-161.5437,30,1.5,0.0122,0.01806,0,0
21720,Pacific cod,2022,22010305,8/20/2022,R/V Resolution,PAIX,38.3,2,4,55.517,-161.5898,35,1.2,0.0122,0.01468,5.06,2
21720,Pacific cod,2022,22010306,8/20/2022,R/V Resolution,PAEX,37.5,2,4,55.5525,-161.5252,17,1,0.0122,0.01242,0.56,1
21720,Pacific cod,2022,22010307,8/21/2022,R/V Resolution,PAH,14.2,2,4,55.514,-161.6035,29,1.1,0.0122,0.01355,0.7,1
21720,Pacific cod,2022,22010308,8/21/2022,R/V Resolution,PAOB,19.6,2,4,55.4517,-161.6462,53,1.9,0.0122,0.02258,40.33,16
21720,Pacific cod,2022,22010309,9/8/2022,R/V Resolution,KUD,27.1,1,5,57.985,-153.1602,23,1.1,0.0122,0.01355,0,0
21720,Pacific cod,2022,22010310,9/8/2022,R/V Resolution,KUF,11.3,1,5,58.0258,-153.2988,78,1.9,0.0122,0.02258,135.78,43
21720,Pacific cod,2022,22010311,9/8/2022,R/V Resolution,KUG,15.4,1,5,58.0425,-153.4322,43,1.9,0.0122,0.02258,58.57,45
21720,Pacific cod,2022,22010312,9/8/2022,R/V Resolution,KUI,6.4,1,5,57.9735,-153.386,136,1.9,0.0122,0.02258,31.18,10
21720,Pacific cod,2022,22010313,9/9/2022,R/V Resolution,KUM,10.5,1,5,57.8632,-153.1192,38,1.9,0.0122,0.02258,1.74,1
21720,Pacific cod,2022,22010314,9/9/2022,R/V Resolution,KUK,14.1,1,5,57.917,-153.248,76,1.9,0.0122,0.02258,4.44,1
21720,Pacific cod,2022,22010315,9/9/2022,R/V Resolution,KUJ,17,1,5,57.9352,-153.2925,86,1.9,0.0122,0.02258,14.79,5
21720,Pacific cod,2022,22010316,9/9/2022,R/V Resolution,KULA,2.1,1,5,57.8617,-153.2235,58,1.7,0.0122,0.02032,12.94,4
21720,Pacific cod,2022,22010317,9/9/2022,R/V Resolution,KULB,2.7,1,5,57.8338,-153.2067,45,1.9,0.0122,0.02258,0,0
21720,Pacific cod,2022,22010318,9/9/2022,R/V Resolution,KUYA,4.1,1,5,57.7888,-153.1953,39,1,0.0122,0.01242,0,0
21720,Pacific cod,2022,22010319,9/9/2022,R/V Resolution,KUYB,2.6,1,5,57.7435,-153.213,14,1,0.0122,0.01242,2.31,1
21720,Pacific cod,2022,22010320,9/10/2022,R/V Resolution,KUXB,4.1,1,5,57.7358,-153.3792,56,1.9,0.0122,0.02258,29.04,7
21720,Pacific cod,2022,22010321,9/10/2022,R/V Resolution,KUXA,5.6,1,5,57.769,-153.4078,68,1.5,0.0122,0.01806,8.91,7
21720,Pacific cod,2022,22010322,9/10/2022,R/V Resolution,KUU,13.7,1,5,57.784,-153.484,85,1.9,0.0122,0.02258,0,0
21720,Pacific cod,2022,22010323,9/10/2022,R/V Resolution,KUW,5.2,1,5,57.6817,-153.5193,35,1.1,0.0122,0.01355,3.47,1
21720,Pacific cod,2022,22010324,9/10/2022,R/V Resolution,KUV,4.1,1,5,57.7403,-153.5287,48,1.5,0.0122,0.01806,6.02,3
21720,Pacific cod,2022,22010325,9/10/2022,R/V Resolution,KUT,9.4,1,5,57.8112,-153.5198,98,1.9,0.0122,0.02258,2.51,1
21720,Pacific cod,2022,22010326,9/10/2022,R/V Resolution,KUS,12.1,1,5,57.8737,-153.547,98,1.9,0.0122,0.02258,11.26,3
21720,Pacific cod,2022,22010327,9/11/2022,R/V Resolution,KUNX,10.7,1,5,57.8367,-153.38,69,1.9,0.0122,0.02258,1.13,1
21720,Pacific cod,2022,22010328,9/11/2022,R/V Resolution,KUP,13.3,1,5,57.8582,-153.4512,88,1.9,0.0122,0.02258,2.55,1
21720,Pacific cod,2022,22010329,9/11/2022,R/V Resolution,KUQ,20.6,1,5,57.886,-153.5247,98,1.9,0.0122,0.02258,4.42,1
21720,Pacific cod,2022,22010330,9/11/2022,R/V Resolution,UYBX,21.5,1,5,57.7425,-153.9978,75,1.9,0.0122,0.02258,0,0
21720,Pacific cod,2022,22010331,9/11/2022,R/V Resolution,UYEX,29.9,1,5,57.6848,-153.9475,105,1.9,0.0122,0.02258,11.25,2
21720,Pacific cod,2022,22010332,9/11/2022,R/V Resolution,UYKX,13.9,1,5,57.6005,-153.8877,88,1.9,0.0122,0.02258,0,0
21720,Pacific cod,2022,22010333,9/12/2022,R/V Resolution,UYT,2.8,1,5,57.3698,-153.7965,23,1.5,0.0122,0.01806,12,3
21720,Pacific cod,2022,22010334,9/12/2022,R/V Resolution,UYSS,6,1,5,57.4295,-153.8175,39,1.9,0.0122,0.02258,13.42,7
21720,Pacific cod,2022,22010335,9/12/2022,R/V Resolution,UYQX,7.7,1,5,57.4875,-153.906,80,1.9,0.0122,0.02258,23.84,7
21720,Pacific cod,2022,22010336,9/12/2022,R/V Resolution,UYMX,20.8,1,5,57.564,-153.8987,59,1.9,0.0122,0.02258,0,0
21720,Pacific cod,2022,22010337,9/12/2022,R/V Resolution,UYO,3.4,1,5,57.5688,-153.796,45,1.9,0.0122,0.02258,27.68,9
21720,Pacific cod,2022,22010338,9/13/2022,R/V Resolution,UYHX,4.1,1,5,57.662,-153.7182,51,1.7,0.0122,0.02032,27.77,10
21720,Pacific cod,2022,22010339,9/13/2022,R/V Resolution,UYFX,22.1,1,5,57.6747,-153.8597,94,1.5,0.0122,0.01806,18.06,4
21720,Pacific cod,2022,22010340,9/13/2022,R/V Resolution,224,85.7,1,6,58.1257,-153.8248,107,1.5,0.0122,0.01806,0,0
21720,Pacific cod,2022,22010341,9/13/2022,R/V Resolution,200,85.7,1,6,58.202,-153.713,104,1.5,0.0122,0.01806,0,0
21720,Pacific cod,2022,22010342,9/13/2022,R/V Resolution,199,85.7,1,6,58.252,-153.7778,109,1.5,0.0122,0.01806,0,0
21720,Pacific cod,2022,22010343,9/13/2022,R/V Resolution,223,85.7,1,6,58.1917,-153.9043,112,1.5,0.0122,0.01806,0,0
21720,Pacific cod,2022,22010344,9/14/2022,R/V Resolution,222,103.2,1,6,58.1272,-154.0653,137,1.5,0.0122,0.01806,0,0
21720,Pacific cod,2022,22010345,9/14/2022,R/V Resolution,198,85.7,1,6,58.2408,-153.9147,118,1.5,0.0122,0.01806,0,0
21720,Pacific cod,2022,22010346,9/14/2022,R/V Resolution,173,85.7,1,6,58.2962,-153.808,108,1.5,0.0122,0.01806,0,0
21720,Pacific cod,2022,22010347,9/14/2022,R/V Resolution,174,85.7,1,6,58.2918,-153.6513,98,1.5,0.0122,0.01806,0,0
21720,Pacific cod,2022,22010348,9/14/2022,R/V Resolution,147,85.7,1,6,58.3728,-153.5477,97,1.5,0.0122,0.01806,1.03,1
21720,Pacific cod,2022,22010349,9/14/2022,R/V Resolution,120,85.7,1,6,58.4618,-153.3873,102,1.5,0.0122,0.01806,1.91,2
21720,Pacific cod,2022,22010350,9/14/2022,R/V Resolution,121,85.7,1,6,58.479,-153.2145,96,1.5,0.0122,0.01806,0,0
21720,Pacific cod,2022,22010351,9/15/2022,R/V Resolution,171A,11.4,1,6,58.3038,-154.2582,62,1.7,0.0122,0.02032,20.3,5
21720,Pacific cod,2022,22010352,9/15/2022,R/V Resolution,171C,7.6,1,6,58.3252,-154.2047,56,1.9,0.0122,0.02258,14.5,4
21720,Pacific cod,2022,22010353,9/15/2022,R/V Resolution,171D,28.6,1,6,58.3197,-154.102,39,1.5,0.0122,0.01806,2.76,1
21720,Pacific cod,2022,22010354,9/15/2022,R/V Resolution,172,79.5,1,6,58.2847,-154.0373,74,1.5,0.0122,0.01806,2.73,2
21720,Pacific cod,2022,22010355,9/15/2022,R/V Resolution,145,85.7,1,6,58.3743,-153.777,108,1.5,0.0122,0.01806,0,0
21720,Pacific cod,2022,22010356,9/15/2022,R/V Resolution,146,85.7,1,6,58.3845,-153.7002,97,1.5,0.0122,0.01806,0,0
21720,Pacific cod,2022,22010357,9/16/2022,R/V Resolution,144,60.7,1,6,58.4373,-153.9213,43,1.5,0.0122,0.01806,3.18,2
21720,Pacific cod,2022,22010358,9/16/2022,R/V Resolution,117,97.8,1,6,58.4542,-153.8067,50,1.5,0.0122,0.01806,0,0
21720,Pacific cod,2022,22010359,9/16/2022,R/V Resolution,118,85.7,1,6,58.495,-153.6097,71,1.5,0.0122,0.01806,5.84,3
21720,Pacific cod,2022,22010360,9/16/2022,R/V Resolution,119,85.7,1,6,58.4827,-153.5052,82,1.5,0.0122,0.01806,6.97,2
21720,Pacific cod,2022,22010361,9/16/2022,R/V Resolution,90,80.3,1,6,58.5378,-153.5405,66,1.5,0.0122,0.01806,0,0
21720,Pacific cod,2022,22010362,9/16/2022,R/V Resolution,91,85.7,1,6,58.5752,-153.4088,72,1.5,0.0122,0.01806,0,0
21720,Pacific cod,2022,22010363,9/16/2022,R/V Resolution,60,85.7,1,6,58.6348,-153.3353,64,1.5,0.0122,0.01806,1.58,1
21720,Pacific cod,2022,22010364,9/16/2022,R/V Resolution,61,85.7,1,6,58.6645,-153.2338,85,1.5,0.0122,0.01806,26.43,21
21720,Pacific cod,2022,22010365,9/16/2022,R/V Resolution,31,83.7,1,6,58.712,-153.2268,78,1.5,0.0122,0.01806,87.54,30
21720,Pacific cod,2022,22010366,9/16/2022,R/V Resolution,2,85.6,1,6,58.7837,-153.2043,78,1.5,0.0122,0.01806,39.41,12
21720,Pacific cod,2022,22010367,9/17/2022,R/V Resolution,PMA,15.1,1,5,58.3018,-152.9517,70,1.7,0.0122,0.02032,29.58,9
21720,Pacific cod,2022,22010368,9/17/2022,R/V Resolution,MAA,10.5,1,5,58.2167,-153.075,72,1.9,0.0122,0.02258,23.91,6
21720,Pacific cod,2022,22010369,9/17/2022,R/V Resolution,RAA,6.7,1,5,58.1377,-153.221,60,1.9,0.0122,0.02258,6.11,1
